part_name,type,sequence,x_extent,y_extent,start_pad,end_pad,color,hatch,arrowhead_height,arrowhead_length,linestyle,linewidth,label,label_style,label_size,label_y_offset,label_x_offset,label_color
P1,Promoter,AAAATGTGTGGGGAAGCGGGTAAGCTGCCACAGCAATTAATGCACAACATTTAACCTACATTCTTCCTTATCGGATCCTCAAAACCCTTAAAAACATATGCCTCACCCTAACATATTTTCCAATTAACCCTCAATATTTCTCTGTCACCCGGCCTCTATTTTCCATTTTCTTCTTTACCCGCCACGCGTTTTTTTCTTTCAAATTTTTTTCTTCtTTCTTCTTTTTCTTCCACGTCCTCTTGCATAAATAAATAAACCGTTTTGAAACCAAACTCGCCTCTCTCTCTCCTTTTTGAAATATTTTTGGGTTTGTTTGATCCTTTCCTTCCCAATCTCTCTTGTTTAATATATATTCATTTATATCACGCTCTCTTTTTATCTTCCTTTTTTTCCTCTCTCTTGTATTCTTCCTTCCCCTTTCTACTCAAACCAAGAAGAAAAAGAAAAGGTCAATCTTTGTTAAAGAATAGGATCTTCTACTACATCAGCTTTTAGATTTTTCACGCTTACTGCTTTTTTCTTCCCAAGATCGAAAATTTACTGAATTAAC,,,,,,,,,,,,,,,,
P2,Promoter,AGCTTGCCTTGTCCCCGCCGGGTCACCCGGCCAGCGACATGGAGGCCCAGAATACCCTCCTTGACAGTCTTGACGTGCGCAGCTCAGGGGCATGATGTGACTGTCGCCCGTACATTTAGCCCATACATCCCCATGTATAATCATTTGCATCCATACATTTTGATGGCCGCACGGCGCGAAGCAAAAATTACGGCTCCTCGCTGCAGACCTGCGAGCAGGGAAACGCTCCCCTCACAGACGCGTTGAATTGTCCCCACGCCGCGCCCCTGTAGAGAAATATAAAAGGTTAGGATTTGCCACTGAGGTTCTTCTTTCATATACTTCCTTTTAAAATCTTGCTAGGATACAGTTCTCACATCACATCCGAACATAAACAAC,,,,,,,,,,,,,,,,
P3,Promoter,TTCGCGGCCACCTACGCCGCTATCTTTGCAACAACTATCTGCGATAACTCAGCAAATTTTGCATATTCGTGTTGCAGTATTGCGATAATGGGTGTCTTACTTCCAACATAACGGCAGAAAGAAATGTGAGAAAATTTTGCATCCTTTGCCTCCGTTCAAGTATATAAAGTCGGCATGCTTGATAATCTTTCTTTCCATCCTACATTGTTCTAATTATTCTTATTCTCCTTTATTCTTTCCTAACATACCAAGAAATTAATCTTCTGTCATTCGCTTAAACACTATATCAAT,,,,,,,,,,,,,,,,
P4,Promoter,TCCAGAAACTGGCACTTGACCCAACTCTGCCACGTGGGTCGTTTTGCCATCGACAGATTGGGAGATTTTCATAGTAGAATTCAGCATGATAGCTACGTAAATGTGTTCCGCACCGTCACAAAGTGTTTTCTACTGTTCTTTCTTCTTTCGTTCATTCAGTTGAGTTGAGTGAGTGCTTTGTTCAATGGATCTTAGCTAAAATGCATATTTTTTCTCTTGGTAAATGAATGCTTGTGATGTGTTCCAAGTGATTTCCTTTCCTTCCCATATGATGCTAGGTACCTTTAGTGTGTTCCTAAAAAAAAAAAAAGGCTCGCCATCAAAACGATATTCGTTGGCTTTTTTTTCTGAATTATAAATACTCTTTGGTAACTTTTCATTTCCAAGAACCTCTTTTTTCCAGTTATATCATGGTCCCCTTTCAAAGTTATTCTCTACTCTTTTTCATATTCATTCTTTTTCATCCTTTGGTTTTTTATTCTTAACTTGTTTATTATTCTCTCTTGTTTCTATTTACAAGACACCAATCAAAACAAATAAAACATCATCAC,,,,,,,,,,,,,,,,
P5,Promoter,ATAAACAAAAATACGTGACCCAAATACTGTATACACCATTGCAATAGATATGATTATAGAGCTTATAGCTACATCTTTTTAGATAAAAGCGAAGATGTTTCTGCGATTTTTCCATTATAGCTCTCCATGATACTAAATATCAAGGTCTACATGTAAGTATTTGTATATATGGGTTGGAATGTATATACGTATATACGTACGTACGTACGTATATGCACATAATTGTTACGGGATGTATATATAAATTAGTAGCATTATAGAAGATATCCCTAACATCAATCCCCACTCCTTCTCAATGTGTGCAGACTTCTGTGCCAGACACTGAATATATATCAGTAATTGGTCAAAATCACTTTGAACGTTCACACGGCACCCTCACGCCTTTGAGCTTTCACATGGACCCATCTAAAGATGAAGATCCGTATTTTATAGGAAACATTATAAATAAGGAAAGAGAGATACACCTATTTTTTTCATTTTGTGGGTGATTGTCATTTTTAGTTGTCTATTTGATTCAATCAAAAAACAAAAATAAAACTATATATTAAAA,,,,,,,,,,,,,,,,
P6,Promoter,TTCCTTTTTTTTCTTTTTTTTTTACCAGAAGAATTACGTACAAAAGTACCTACTATTTCAAAGCAAGAAATGAGATGCCTATTGTGGTTATATACAGAATAGATGATAAATGGGTTTTCCGTGCAAAACGATATGGAGAATTCAAAATGGGTGCGAAATACCTGGAACGTAAGCGTTCTGAGAAATACACAGACGCATTAACCTGACAAAAACACAACTAGTTTGGGAAAGGGATTTGGTCTTTCCTCTCGGGCTTCTCGTGTGGTTCCTTTCTTTCTCAGATCTCCCTGCACACTGGGCTGTTGTCCTCCAGGTTATGGTTTGTTCTCTTCAGGTATTACAATGCAGTAGGCTTTTGGAGTGAGCAAAACGAAGAGAGAAAAAAATTTTTTCTTAAAAGTTTTTTTTCATTTTGTGAGCTTATTCTTCTTTTCTATATATTCTTGATATCTTAGATTATACATATTATTCTCTTACATTTCACGATTGCCCTTTTGGTGTTTAGCATTCAGTCTCAAAGACCACAAACACAAACTATAACATAATTGCAA,,,,,,,,,,,,,,,,
P7,Promoter,ATGACAGCAGGATTATCGTAATACGTAATAGTTGAAAATCTCAAAAATGTGTGGGTCATTACGTAAATAATGATAGGAATGGGATTCTTCTATTTTTCCTTTTTCCATTCTAGCAGCCGTCGGGAAAACGTGGCATCCTCTCTTTCGGGCTCAATTGGTGTCACGCTGCCGTGAGCATCCTCTCTTTCCATATCTAACAACTGAGCACGTAACCAATGGAAAAGCATGAGCTTAGCGTTGCTCCAAAAAAGTATTGGATGGTTAATACCATTTGTCTGTTCTCTTCTGACTTTGTCTCCTCAAAAAAAAAAAATCTACAATCAACAGATCGCTTCAATTACGCCCTCACAAAAACTTTTTTCCTTCTTCTTCGCCCACGTTAAATTTTATCCCTCATGTTGTCTAACGGATTTCTGCACTTGATTTATTATAAAAAGACAAAGACATAATACTTCTCTATCAATTTCAGTTATTGTTCTTCCTTGCGTTATTCTTCTGTTCTTCTTTTTCTTTTGTCATATATAACCATAACCAAGTAATACATATTCAA,,,,,,,,,,,,,,,,
P8,Promoter,CTTTTAATTCTGCTGTAACCCGTACATGCCCAAAATAGGGGGCGGGTTACACAGAATATATAACATCGTAGGTGTCTGGGTGAACAGTTTATTCCTGGCATCCACTAAATATAATGGAGCCCGCTTTTTAAGCTGGCATCCAGAAAAAAATCAATGGAGTGATGCAACCTGCCTGGAGTAAATGATGACACAAGGCAATTGACCCACGCATGTATCTATCTCATTTTCTTACACCTTCTATTACCTTCTGCTCTCTCTGATTTGGAAAAAGCTGAAAAAAAAGGTTGAAACCAGTTCCCTGAAATTATTCCCCTACTTGACTAATAAGTATATAAAGACGGTAGGTATTGATTGTAATTCTGTAAATCTATTTCTTAAACTTCTTAAATTCTACTTTTATAGTTAGTCTTTTTTTTAGTTTTAAAACACCAGAACTTAGTTTCGACGGA,,,,,,,,,,,,,,,,
P9,Promoter,ACAAGAAGCAACGCGAGAGAGCACAACACGCTGTTATCACGCAAACTATGTTTTGACACCGAGCCATAGCCGTGATTGTGCGTCACATTGGGCGATAATGAACGCTAAATGACCAACTCCCATCCGTAGGAGCCCCTTAGGGCGTGCCAATAGTTTCACGCGCTTAATGCGAAGTGCTCGGAACGGACAACTGTGGTCGTTTGGCACCGGGAAAGTGGTACTAGACCGAGAGTTTCGCATTTGTATGGCAGGACGTTCTGGGAGCTTCGCGTCTCAAGCTTTTTCGGGCGCGAAATGCAGACCAGACCAGAACAAAACAACTGACAAGAAGGCGTTTAATTTAATATGTTGTTCACTCGCGCCTGGGCTGTTGTTATTCGGCTAGATACATACGTGTTTGTGCGTATGTAGTTATATCATATATAAGTATATTAGGATGAGGCGGTGAAAGAGATTTTTTTTTTTTCGCTTAATTTATTCTTTTCTCTATCTTTTTTCCTACATCTTGTTCAAAAGAGTAGCAAAAACAACAATCAATACAATAAAAT,,,,,,,,,,,,,,,,
P10,Promoter,AAAGGGTGCAACGCGCGAAAAAGTGAGAACAGCCTTCCCTTTCGGGCGACATTGAGCGTCTAACCATAGTTAACGACCCAACCGCGTTTTCTTCAAATTTGAACTCGCCGAGCTCACAAATAATTCATTAGCGCTGTTCCAAAATTTTCGCCTCACTGTGCGAAGCTATTGGAATGGAGTGTATTTGGTGGCTCAAAAAAAGAGCACAATAGTTAACTCGTCGTTGTTGAAGAAACGCCCGTAGAGATATGTGGTTTCTCATGCTGTTATTTGTTATTGCCCACTTTGTTGATTTCAAAATCTTTTCTCACCCCCTTCCCCGTTCACGAAGCCAGCCAGTGGATCGTAAATACTAGCAATAAGTCTTGACCTAAAAAATATATAAATAAGTCTCCTAATCAGCTTGTAGATTTTCTGGTCTTGTTGAACCATCATCTATTTACTTCCAATCTGTACTTCTCTTCTTGATACTACATCATCATACGGATTTGGTTATTTCTCAGTGAATAAACAACTTCAAAACAAACAAATTTCATACATATAAAATATAA,,,,,,,,,,,,,,,,
P11,Promoter,TATTTAAAAACCTGTGTTATGCTCAAATAACGGTTACTGATCCAAAACCTTATATATGACGGCAAGTGTCTCACTGTTGCATTACGCGtTGTTTCTTTTCTTTGTTCTTGTAAGCGCGATTTTACCAGAACTAGATGGCGCTCGTGATCCTGAAACGGGGAGAAATTTTGAGAACACCGCTTTATTAGGCGAAGCGGTGGGCACAGCTCACGCGTAAGGTGTTCCCATTATTTCTCAAAGTGATGCGAATTTCAGAGAACACATTAACCTGGGGGCCATAAACGCGACGTGCTACCATTTTCGTTACGTATACTTAGGCCAGAGATTACAACATGACTACTAATATCAAACATAACTCTATATATAAGGGATGAAGATGTATGCTTTCTTAGAATTTCAAACATGTTCCGTTAAAGTTTTACTTTTCGATTTCAATTTCGACTGCATGATGCTTTTCTTAGaGAGTgTTTTGTTATTAAATAGTATCATAAATTCTTGTCTTTTTACATAAGAATTAGGAAAGTACAGAACAAGAGCAAATTTAATATAT,,,,,,,,,,,,,,,,
P12,Promoter,CGATGACTTCAGTCTATTAGTATGATGTTTACTAATTAAGCAAAATCAGCTCTTGCTGAATAACACTACTATTAAAAATCATAAAAACATCTTTATTGCCAATAGTGAAGAACGACAAGGCCTTTTAAAAGGCATAAAAAACAATGATACCATTCTGCAATGAAAAAAAAAGAAAACTTTGTTCTTTGTGTATAAAGAAAATATTTTAGTTCTCCTAAATAAATAAATACTAAATTATACGAAACTCTTTCAGTCTTTTCTCCTGCTTGCTGCTTGAACAGTACTCATGATATTCTATTAATCTTCTGTGGGCGGGGTAACTAAGCCTTCACTGTACTCGGGATTTTGAATAAAAGTCAACTATCCAATCTGGAAGGCATTTTAACATACGCCATTAGGAGCCGCATAGCAAGTCAGAGAACCTCACCTCACCCTATCTTTTTTATTAAAGAA,,,,,,,,,,,,,,,,
P13,Promoter,ATAACAATAGAACAATAGCTTTTTGACCTTCCCCTTATTTTATTTCAAAAGGTAACAGTTAGGGCTATTCTTAAACTTTCTTTAGGGTACACAATGAAAACATCAAGATTGAGTTAAAACCCTTAAAATAAAACTAGGTCTTTAAGAAACTCACTCTCCGGGTTATCCATAGAATGTTTACCATTCTTTAGGGTTCTGAACTAATGCGAAAAAAAAAAAAGgAAAAGACTGAAAAATTCGAAAATATCTCGAAGTTTAGCAGTAGTAGATGAGAATAGGGTGTCTTTTATCGAAAACCTGCAATTGTAATACAACCTTTTTTTGAAAGTCAGCCTTTATTCTGATTCTGCATACTCAATTCCTCAATTCCTACGGAGTTATCACCTTTTTTTTTACCTTCTCTTCTTTTCTTATTGTTCTAGCTGAAAACATTGTTACCAGTTTGGCGAGACAATTTATTTTCAATACGATACCCTTTTGTTCTTCTTTTTATAATTCAATCTAATTCTAAAACACAAAAAAACAAAAAAAATCCTATAACCAGTTCTCCCG,,,,,,,,,,,,,,,,
P14,Promoter,TTTTTGTTGCCTGGTGGCATTTGCAAAATGCATAACCTATGCATTTAAAAGATTATGTATGCACTTCTGACTTTTCGTGTGATGAGGCTCGTGGAAAAAATGAATAATTTATGAATTTGAGAACAATTTTGTGTTGTTACGGTATTTTACTATGGAATAATCAATCAATTGAGGATTTTATGCAAATATCGTTTGAATATTTTTCCGACCCTTTGAGTACTTTTCTTCATAATTGCATAATATTGTCCGCTGCCCCTTTTTCTGTTAGACGGTGTCTTGATCTACTTGCTATCGTTCAACACCACCTTATTTTCTAACTATTTTTTTTTTAGCTCATTTGAATCAGCTTATGGTGATGGCACATTTTTGCATAAACCTAGCTGTCCTCGTTGAACATAGGAAAAAAAAATATATAAACAAGGCTCTTTCACTCTCCTTGCAATCAGATTTGGGTTTGTTCCCTTTATTTTCATATTTCTTGTCATATTCCTTTCTCAATTATTATTTTCTACTCATAACCTCACGCAAAATAACACAGTCAAATCAATCAA,,,,,,,,,,,,,,,,
P15,Promoter,AGGAGACGTTACTTTGTTTATATATATTAGTATGTACAATCGCAAAGAAATGGAGTGATGACATGTTGTAGTATTTAGTATGAGGTTACTGTGTGGGAGGTTTTACCATGATTTTTGGCGAGAACACGCCATGAAATGTCTTTGTACGAAACTCATTACCCGCATTAATATTTTTTTTCTTTTTAAAGCTCAGTTGACCCTTTCTCATTCCCTTCTTAAAACAACTGTGTGATCCTTGAGAAAAGATAAATTACATACACAACATAAACCCAACTACGATCGCAAAT,,,,,,,,,,,,,,,,
P16,Promoter,TCCCTCCTTCTTGAATTGATGTTACCCTCATAAAGCACGTGGCCTCTTATCGAGAAAGAAATTACCGTCGCTCGTGATTTGTTTGCAAAAAGAACAAAACTGAAAAAACCCAGACACGCTCGACTTCCTGTGTTCCTATTGATTGCAGCTTCCAATTTCGTCACACAACAAGGTCCTAGCGACGGCTCACAGGTTTTGTAACAAGCAATCGAAGGTTCTGGAATGGCGGGAAAGGGTTTAGTACCACATGCTATGATGCCCACTGTGATCTCCAGAGCAAAGTTCGTTCGATCGTACTGTTACTCTCTCTCTTTCAAACAGAATTGTCCGAATCGTGTGACAACAACAGCCTGTTCTCACACACTCTTTTCTTCTAACCAAGGGGGTGGTTTAGTTTAGTAGAACCTCGTGAAACTTACATTTACATATATATAAACTTGCATAAATTGGTCAATGCAAGAAATACATATTTGGTCTTTTCTAATTCGTAGTTTTTCAAGTTCTTAGATGCTTTCTTTTTCTCTTTTTTACAGATCATCAAGGAAGTAATTATCTACTTTTTACAACAAATATAAAAC,,,,,,,,,,,,,,,,
P17,Promoter,TAAAAACGCAGCAACTAAAGAAGGCGACTAATAAAAATTGAGTATGCCTCTCCTTAGCGTAAACAGTAACTGCGTGCTATAAGGTGGCACTAAACTTCCTTCTTCCCCTTTCTATCGGATTTGTGCAGCCAGGAGGGATACCAGTGACGGCTATAGCGGGAGAAAGACGGGCCCTCTCACAACCCTTTGCCCCTTGCGGTTAGTCATATAGATTTTGCTTGTGAAGAGAACTGGTCGGTTCAAAGATGCTTTCTTCAAAGTACTATAGCCTTGCCCACTCTCTTTCTCCCTTCTGATCTCTTGTATGCTGATTTTACTTTAATAAGTGAAGGTGATCAATCAGTCAACTAACAAATTAGCCGCCACTGCAAGGATATTTTCTCTGTCGTTGTTGTTTTCCTACAAATATAAACAACCGGGTAACAGTCAAAGAAAAAAAAAAAAAGAAAAGGAAAAAAAAAAAATATGAAAAATTTTGTTCTGAAAGAAGCGATGAGATGAGTACTCAATAGTAACATATAGGCAGCTTACACCATTAAACAAAGAAGCAG,,,,,,,,,,,,,,,,
P18,Promoter,TTAATCATCGTTTACTGCCGCCTATGAGCGTAAGCTAATGTTATAAAGAAACAAGCTATAATATTGTTAAATATAGTTGATCAACAGCATTGTAATGATTACAAGAGACGAGGTGGAATGAACCTTATGAAATGCGTtTTATATATAAACTGTAATAAGAGCTAAGTTGAATTGAAATCTACGATACTTGATGTTGACATTATAGCACTAGTTCCCAGGAAACCCTTTCGAAAAACACAGCAAAAACAAGAGTACTGTAACCAATGTAACATCTGTACACCAGGGACCCACACATTACCAAAATCAAAATTATTTTTCTAATGCCTGTTATTTTTCCTATTTTTCCTCTGGCGCGTGAATAGCCCGCAGAGACGCAAACAATTTTCCTCGCAGTTTTTCGCTTGTTTAATGCGTATTTTCCCAGATAGGTTCAAACCTTTCATCTGTATCCCGTATATTTAAGATGGCGTTTGCTTTCTCCGTTGATTTTTTTCCTTCTTAGTGATTTTTTTGCATTAAATCCCAGAACAATCATCCAACTAATCAAG,,,,,,,,,,,,,,,,
P19,Promoter,CAACATAAATAATTTCTATTAACAATGTAATTTCCATAATTTTATATTCCTCTCCACCTTCTATTGCATCATGTACTATTCAAATGACTGTAACACTAGTATTATGAAGAAAACACCCAAACATATCTAGGCCATCAGATTTTTTTTTTTTCATTTTTCATTTTTTTCTCATTTTCTTATTTATTTTTATTGAAAAATAATAACCGACGCAAACAAATTGGAAAAACCAACGCAAAAAAAAAAAGACGCTAAATTGTTTATAAAGGCGAGGAATTTGTATCTATCAATTACTATTCCAGTTGTCAGTTTACATTGCTTACCCTCTATTATCACATCAAAACAACTAATTCGA,,,,,,,,,,,,,,,,
P20,Promoter,AATCCAAGTAAAAGGATGGATATCGTTATACTAAAAGCAACACAGAAAAGGTCCACGTCAGTTCCACACAATAACATTTACGTAGTGTTCACGCGAAGCAGTTACATCTCAACTAACATAATTGCTGGTGAGCCTACAACACTGCATGCGTAAACGTCAACGGGATTACGTTAGTATTTTTGGCCGCCGGTAAATTCTCTTGTTTTTTTTTCTTGATTTCACTTCTTTTCATGTTCCTTTGGAATAATCTAATTCCTCATGATTAAATGAGACTGTTTTTTGTTTCCGTAACATCCATACCTTTCCTGTATAATATTCTTGCTGTAAAGTTTGTTTTTTTTATGAAAAAAACATTTTCTTTTCTTGAGATGAGGCGCCGCGAGCCTTTCTCCCATGGGCAGTGGTAAATTTTCCAAATCAATGCAGCTCTTTGAAATACAACAGCATTTTTCATACATTTTAAGCAATTTCTAGTTTGTAGATATTGTTAGATTAGTTTTTGAACATTGTTTTGATAACTGAAAATAAAACAGCAAACAAACTACAAA,,,,,,,,,,,,,,,,
P21,Promoter,CGTCCAACGTGCGGGTACCGTACCCTGCAGTGTTGCAATCGTGTACTTGCCTTATAGTGTCAGCTATTGATCAAGGCCACATGCAAAATAGGGAAGGGGGGCATTGGCACAAAAGAGTGGTTAGACGCTCACAGGGGTGACTACGGTTACAAGTCTAAATATTTTAAGCCCATCATTACCGGCAATGCCCTCTGTACAGGAGTTATAAGAAAGATTATTCAATTTCGCGCTTGCATTATGAAAGAGGTTGCATTCTTCAATATCAGGTGAAATGTGTCTTGCCTAGACAATCTAAAAAAGGCTGCACACCCATGCATCATTCTAAAAAAATTATTTTTTTTCTTTTCATTTACTTTTCGTTTTTTTTTTTTTTTTCAGTTCGATTTCTTGGTCGGACGCGATGGCAAATTTTTCATCGAGgAGATTATCGTTATAAAGGCCTGTTGATTTTCAAAGAGATAGAAATCTTCTCTTTTAAGTATTCTTTTTTTAATTAATAAAAACACAAGAAAACTAATACAGCAACAGAAATACAAAAGTATACAA,,,,,,,,,,,,,,,,
P22,Promoter,CATTCATCTTTCACCTGCCATTAGTAACCCGACTTCTCATTGAGCGGGTTACGGCAGCCACAGGCCACATTCCGAATGTCTGGGTGAGCGGTCCCTTTTCCAGCATCCACTAAATATCTCGGATCCCGCTTTTTAATCTGGCTTCCTGAAAAAAATCAATGGAGTGATGCAAACTGACTGGAGCAAAAAGCTGACACAAGGCAATCGACCTACGTGTCTGTCTATTTTCTCACACCTTCTATTACCTTCTAACTCTCTGGGTTGGAAAAAACTGAAAAAAAGGTTGTCTCCAGTTTCCACAAATCATCCCCCTGTTTGATTAATAAATATATAAAGACGACAACTATCGATCATAAACTCATAAAACTATAACTCCTTTACACTTCTTATTTTATAGTTATTCTATTTTAATTCTTATTGATTTTAAAACCCCAAGAACTTAGTTTCGAAAACACACACACACAAACAATTAAA,,,,,,,,,,,,,,,,
P23,Promoter,ATGCTTCAAAAACGCACTGTACTCCTTTTTACTCTTCCGGATTTTCTCGCACTCTCCGCATCGCCGCACGAGCCAAGCCACACCCACACACCTCATACCATGTTTCCCCTCTTTGTCTCTTTCGTGCGGCTCCATTACCCGCATGAAACTGTATAAAAGTAACAAAAGACTATTTCGTTTCTTTTTCTTTGTCGGAAAAGGCAAAAAAAAAAATTTTTATCACATTTCTTTTTCTTGAAAATTTTTTTTGGGATTTTTTCTCTTTCGATGACCTCCCATTGATATTTAAGTTAATAAAAGCACTCCCGTTTTCCAAGTTTTAATTTGTTCCTCTTGTTTAGTCATTCTTCTTCTCAGCATTGGTCAATTAGAAAGAGAGCATAGCAAACTGATCTAAGTTTTAATTACAA,,,,,,,,,,,,,,,,
P24,Promoter,GTTTTATTTCTGCTGCCATCCGTAAATGCCAGGATTTGAGCGGGTTACACAATATATCTCATATTTTCGGTGTCTGGGTCATTACTTTACTCTTGGCATCCACTAAATATATTGGATCCTGCTTTTTAAACTGGCTTCCAGAAAAAAATCAATGGAGTGATGCAAACTGCCTGGAGTAAAAGATGACACAAGGCGATTGACCTACGCATGTATCTATCTCATTTTCTTACACCTTCTATTTCATTCTAACTCTTTGATTTGGAAAACACCTAAGAAAAAAAAGGTTGAAATCAGTTCCCTGAAATTGTCCCCCTACTTGACTAATAAATATATAAAGACGGTAGGTATTGACTGTAATTCGTAAATCTATACTTCTTAAACTTCTTCAAATTTACTTTTTTGGATAGTCTTATTTTTGGTTTCAATACCCCAAGAACTTAGTTTCAAATAAATACACATACAAACAA,,,,,,,,,,,,,,,,
P25,Promoter,ATAGCCGACAAATCTTTTACTCCTTTTTTTACTCTTCCGCATTTTCTCGGACTGCGCGCATCGCCGCACCGCTTCCAAAACACCTGAACATTACATACTATTTTTCCCCTCTTTCTTTCTTTAGGGTGGTGTTAAATTACCCGCTCTGAAGCTTTGGAAAAGAAACAAAAGGCCACTTCGTTTCTTTTTCTTCGTCGAAAAGGGCAAAAAAAAAATTTTTACCACGTTTCTTTTTCTTGAAAATTTTTTTTTTTTATTTTTTCTCTTTCGATGACCTCCCATTGATATTTAAGTTAATAAATGGTCATCAATTTCTCAAGTTTTATTTTCGTTTTCCTTGTTTCATGTCGACTTTTTTACATCCTTCTCAGTTAGAAAGAAAGCATAGCAATCTAATCTAAGTTTTAATTACAA,,,,,,,,,,,,,,,,
P26,Promoter,ATAGCTTCAAAATGTTTCTACTCCTTTTTTACTCTTCCAGATTTTCTCGGACACCGCGCATCGCCGTACCACTTCAAAACACCCAAGCACAGCATACTAAATTTCCCCTCTTTCTTCCTCTAGGGTGTCGTTAATTACCCGTACTAAAGGTTTGGAAAAGAAAAAAGTGACCGCCTCGTTTCTTTTTCTTCGTCGAAAAAGGCAATAAAAATTTTTATCACGTTTCTTTTTCTTGAAAATTTTTTTTTTTGATTTTTTTCTCTTTCGATGACCTCCCATTGATATTTAAGTTAATAAACGGTGTTCAATTTCTCAAGTTTCAGTTTCATTTTTCTTGTTCTATTACAACTTTTTTTACTTCTTGCTCATTAGAAAGAAAGCATAGCAATCTAATCTAAGTTTTAATTACAA,,,,,,,,,,,,,,,,
P27,Promoter,AAGGCAAGAAAAAAAATTATGACCCATACATTTTGGTGCATGGGTGATATTTTGTCTTTATTATTATTAGTAACTTTCAGATTAAGACAAGGAAGAAAGAAGGAAAAAAGGTAGGACATGAAGCATGAGAGATAATCAAATTTGCTGAATGCTGTGATACTGGTATACAAATAGAAGTGCTGAAGTTCAAGTTATTTGGTAACATGCAAGTTTCATTAATATTTTGTTATTATGTATTTCAAGGACAAAATGAATTGTAGGAAGATGAAAAAGTGATTTCATCCCCCAACGATTCATACTCTGGGCCGTACCCTTCTTATCTTACAGACGCAAAGTCAGCAGATTCTTGTATTATGGAACTAAGTAATTTCCGCGCACCTATTGTTACGCTGATATCTGCGTACAAAGTGACGTATTTTTAAAATATCTTCGATATACTGCAAAAACAAAAGAACAATTGACCTCTTAACCCTTTAAGGTATGGCATAAAGAACGCTAAGAGCTAGCAAAAGAGTATACCATTCGGATCGTGTTGCTAAAGTCTTGCGAA,,,,,,,,,,,,,,,,
P28,Promoter,TTTACTGATAATATACACTCTTTGGATCGAGCCcACTTCCAGTTGGTAATTGGTGTTCCACAATTTCAGCATTAcATGTTTTTAAACCAAAATTCGGCTCCTTTTCCCTTTTTTTCTTATTGGGTGGCGTGCCGTACAGAACGATTGGCTTGGTGTGAAATCAAGAGCAAGCACAATAGATATCAACATGAACAATATACAAAAGTCTCTGGCACAGTTTGACTGCGTTAGACCAGGCTAGGGCATTTCTGAAGCTTTACGTATCACTAGAGAAGTTATTTTGGC,,,,,,,,,,,,,,,,
P29,Promoter,TGGAGTGAAGGCCAGAATTGTTACTTCTGATTTTGTCGCATGTGTTGGTCAAGCCATGCCTATGGCAATTTTCATTTTTTATTTTTCATAATTCCTCATTTTGGTGTTCATGGAGGAAGAGGTCCGGCAAGCGAATACACTTCCGTAAGGGATGGCAAGTACGGCCGTTAGCGGTTTAATACAACGTCAGACAGCCTTCATATGAATCACGTATATATGCTTTTATGATTATTCTTTCGGCATTTTCCTTCCTTCTCATACTTA,,,,,,,,,,,,,,,,
P30,Promoter,CTGGCGTTTTATCTTTTATGCATCCAATATCTAATATTACTTCCGATCACGCATTTAGTTCTGATTACAGCAGAAATCGTAGCGCGATGAGACATTTCATCAAATGGCCTTTTTTTTTTGGGCAATTTTTTTATATCTTGAAATGATAGTTGCCTTGTACTTTCAACCGTTCATTTCATTAAGAACTTGACTAAATATGAACATTTCTTAAAAAAAAGGTTGACATATAAAAATAATCGAATATAAACGATGGAATTTTTATAAAATTAAACACATATATATATATATATTAACTATAAATATGTCAAAGAAACCATACAATCATAGATTTATAACTATCTTTTGGATGACATTAATGAACATAACGCTCCTAATACAAATGTCCAAAAAATATTACCCGCAAATACGAATCTTTTTTTTTTCTCGATGAAATTTTGCAAAGAGTTCGAAATTTTTATTTCAAGAGCTGGTAGAGAAAATTTCATAAGGTTTTCCTACCGATGCTTTTATAAAATCTTCGTTTTGTCTCACATATACCAACAAGAGTAAC,,,,,,,,,,,,,,,,
P31,Promoter,GTTTTATTTAGGTTCTATCGAGGAGAAAAAGCGACAAGAAGAGATAGACCATGGATAAATGATTATGTTCTAAACACTCCTCAGAAGCTCATCGAACTGTCATCCTGCGTGAAGATTAAAATCCAACTTAGAAATTTCGAGCTTACGGAGACAATCATATGGGAGAAGCAATTGGAAGATAGAAAAAAGGTACTCGGTACATAAATATATGTGATTCTGGGTAGAAGATCGGTCTGCATTGGATGGTGGTAACGCATTTTTTTACACACATTACTTGCCTCGAGCATCAAATGGTGGTTATTCGTGGATCTATATCACGTGATTTGCTTAAGAATTGTCGTTCATGGTGACACTTTTAGCTTTGACATGATTAAGCTCATCTCAATTGATGTTATCTAAAGTCATTTCAACTATCTAAGATGTGGTTGTGATTGGGCCATTTTGTGAAAGCCAGTACGCCAGCGTCAATACACTCCCGTCAATTAGTTGCAC,,,,,,,,,,,,,,,,
P32,Promoter,AGTTTATCATTATCAATACTCGCCATTTCAAAGAATACGTAAATAATTAATAGTAGTGATTTTCCTAACTTTATTTAGTCAAAAAATTAGCCTTTTAATTCTGCTGTAACCCGTACATGCCCAAAATAGGGGGCGGGTTACACAGAATATATAACATCGTAGGTGTCTGGGTGAACAGTTTATTCCTGGCATCCACTAAATATAATGGAGCCCGCTTTTTAAGCTGGCATCCAGAAAAAAAAAGAATCCCAGCACCAAAATATTGTTTTCTTCACCAACCATCAGTTCATAGGTCCATTCTCTTAGCGCAACTACAGAGAACAGGGGCACAAACAGGCAAAAAACGGGCACAACCTCAATGGAGTGATGCAACCTGCCTGGAGTAAATGATGACACAAGGCAATTGACCCACGCATGTATCTATCTCATTTTCTTACACCTTCTATTACCTTCTGCTCTCTCTGATTTGGAAAAAGCTGAAAAAAAAGGTTGAAACCAGTTCCCTGAAATTATTCCCCTACTTGACTAATAAGTATATAAAGACGGTAGGTATTGATTGTAATTCTGTAAATCTATTTCTTAAACTTCTTAAATTCTACTTTTATAGTTAGTCTTTTTTTTAGTTTTAAAACACCAGAACTTAGTTTCGACGGA,,,,,,,,,,,,,,,,
P33,Promoter,CAATATTATTTAAGGACCTATTGTTTTTTCCAATAGGTGGTTAGCAATCGTCTTACTTTCTAACTTTTCTTACCTTTTACATTTCAGCAATATATATATATATTTCAAGGATATACCATTCT,,,,,,,,,,,,,,,,
P34,Promoter,GCTGTGAAGATCCCAGCAAAGGCTTACAAAGTGTTATCTCTTTTGAGACTTGTTGAGTTGAACACTGGTGTTTTCATCAAACTTACCAAGGACGTGTACCCATTGTTGAAACTTGTATCACCATATATTGTTATCGGACAACCTTCACTTGCATCTATCCGTTCTTTAATCCAAAAGAGATCTAGAATAATGTGGCAAAGGCCAGAAGATAAAGAACCAAAAGAGATAATCTTGAATGACAACAATATCGTTGAAGAGAAATTAGGTGATGAAGGTGTCATTTGTATCGAGGATATCATCCATGAGATTTCGACGTTGGGCGAAAATTTCTCGAAATGTACTTTCTTCCTATTACCATTCAAATTGAACAGAGAAGTCAGTGGATTCGGTGCCATCTCCCGTTTGAATAAACTGAAAATGCGCGAACAAAACAACAAGACACGTCAAATTTCAAACGCTGCCACGGCTCCAGTTATCCAAGTAGATATCGACACAATGATTTCCAAGTTGAATTGATTAACTATAAAAGGAAAATATCTGTACAATAGACATCGGGCTCCCATTGGCCCTACCCACATATGTAGAAATACATTACTCTATTCACTACTGCATTTAGTTATGTTTAACATTTGATATAGCAGACTACCGCCAGGCACAATATATTCCCCTTCCCTCTTGCCATTCGCTGTACTTGTGGTGGATTCCAATTCAGCGCAGTCACGTGCTAGTAATCACCGCATTTTTTTCTTTTCCTTTCAGGCTAAAACCGGTTCCGGGCCTGATCCCTGCACTCATTTTCTAACGGAAAACCTTCAGAAGCATAACTACCCATTCCAGTTTAGAGACATGACAGGTTCAACATCAGATGCTTCATATACTTTTATATATTGAATTATATAAATATATCTATGTACTCTAAGTAAGTACATCTGCTTTAACGCATTCCTACATTTGCTTCGATTTATTTTTATTGTTGATACCTATTTGAAGAAGTAAAAAGTATCCCACACTACACAGATTATAC,,,,,,,,,,,,,,,,
P35,Promoter,CAAACATTAATTTGTTCTGCATACTTTGAACCTTTCAGAAAATAAAAAACATTACGCGCATACTTACCCTGCTCGCGAAGAAGAGTAACACTAACGCATTCTATGGGCAATTGAtGACAGTATTCAGTACAAGACATAGTCCGTTTCCTTGAtTCAATTCCTATAGCATTATGAACTAGCCGCCTTTAAGAGTGCCAAGCTGTTCAACACCGATCATTTTTGATGATTTGGCGTTTTTGTTATATTGATAGATTTCTTTTGAATTTTGTCATTTTCACTTTTCCACTCGCAACGGAATCCGGTGGCAAAAAAGGGAAAAGCATTGAAATGCAATCTTTAACAGTATTTTAAACAAGTTGCGAGACGGTGTACAATTACGATAAGAATTGCTACTTCAAAGTACACACAGAAAGTTAACATGAATGGAATTCAAGTGGACATCAATCGTTTGAAAAAGGGCGAAGTCAGTTTAGGTACCTCAATGTATGTATATAAGAATTTTTCCTCCCACTTTATTGTTTCTAAAAGTTCAATGAAGTAAAGTCTCAATTGGCCTTATTACTAACTAATAGGTATCTTATAATCACCTAATAAAATAG,,,,,,,,,,,,,,,,
P36,Promoter,TTAGTCAAAAAATTAGCCTTTTAATTCTGCTGTAACCCGTACATGCCCAAAATAGGGGGCGGGTTACACAGAATATATAACATCGTAGGTGTCTGGGTGAACAGTTTATTCCTGGCATCCACTAAATATAATGGAGCCCGCTTTTTAAGCTGGCATCCAGAAAAAAAAAGAATCCCAGCACCAAAATATTGTTTTCTTCACCAACCATCAGTTCATAGGTCCATTCTCTTAGCGCAACTACAGAGAACAGGGGCACAAACAGGCAAAAAACGGGCACAACCTCAATGGAGTGATGCAACCTGCCTGGAGTAAATGATGACACAAGGCAATTGACCCACGCATGTATCTATCTCATTTTCTTACACCTTCTATTACCTTCTGCTCTCTCTGATTTGGAAAAAGCTGAAAAAAAAGGTTGAAACCAGTTCCCTGAAATTATTCCCCTACTTGACTAATAAGTATATAAAGACGGTAGGTATTGATTGTAATTCTGTAAATCTATTTCTTAAACTTCTTAAATTCTACTTTTATAGTTAGTCTTTTTTTTAGTTTTAAAACACCAAGAACTTAGTTTCGAATAAACACACATAAACAAACAA,,,,,,,,,,,,,,,,
P37,Promoter,ACATGGCATTACCACCATATACATATCCATATCTAATCTTACTTATATGTTGTGGAAATGTAAAGAGCCCCATTATCTTAGCCTAAAAAAACCTTCTCTTTGGAACTTTCAGTAATACGCTTAACTGCTCATTGCTATATTGAAGTACGGATTAGAAGCCGCCGAGCGGGCGACAGCCCTCCGACGGAAGtCTCTCCTCCGTGCGTCCTCGTgTTCACCGGTCGCGTTCCTGAAACGCAGATGTGCCTCGCGCCGCACTGCTCCGAACAATAAAGATTCTACAATACTAGCTTTTATGGTTATGAAGAGGAAAAATTGGCAGTAACCTGGCCCCACAAACCTTCAAATcAACGAATCAAATTAACAACCATAGGATaATAATGCGATTAGTTTTTTAGCCTTATTTCTGGGGTAATTAATCAGCGAAGCGATGATTTTTGATCTATTAACAGATATATAAATGcAAAAGCTGCATAACCACTTTAACTAATACTTTCAACATTTTCgGTTTGTATTACTTCTTATTCAAATGTCATAAAAGTATCAACAAAAAATTGTTAATATACCTCTATACTTTAACGTCAAGGAGAAAAAACTATA,,,,,,,,,,,,,,,,
P38,Promoter,TAAGGAGATTTCAGATTTTTTAATGGAAAGAGAAGTTGTCCAAAGGAGTATAATTATTGACAAGGATTTGGAATCTGATAATCTGGGTATTACTACGGCAAACTTCAACGATTTCTATGATGCATTTTATAATTAGTAAGCCGATCCCATTACCGACATTTGGGCGCTATACGTGCATATGTTCATGTATGTATCTGTATTTAAAACACTTTTGTATTATTTTTCCTCATATATGTGTATAGGTTTATACGGATGATTTAATTATTACTTCACCACCCTTTATTTCAGGCTGATATCTTAGCCTTGTTACTAGTTAGAAAAAGACATTTTTGCTGTCAGTCACTGTCAAGAGATTCTTTTGCTGGCATTTCTTCTAGAAGCAAAAAGAGCGATGCGTCTTTTCCGCTGAACCGTTCCAGCAAAAAAGACTACCAACGCAATATGGATTGTCAGAATCATATAAAAGAGAAGCAAATAACTCCTTGTCTTGTATCAATTGCATTATAATATCTTCTTGTTAGTGCAATATCATATAGAAGTCATCGAAATAGATATTAAGAAAAACAAACTGTACAATCAATCAATCAATCATCACATAAA,,,,,,,,,,,,,,,,
P39,Promoter,AACATATATACACAATTACAGTAACAATAACAAGAGGACAGATACTACCAAAATGTGTGGGGAAGCGGGTAAGCTGCCACAGCAATTAATGCACAACATTTAACCTACATTCTTCCTTATCGGATCCTCAAAACCCTTAAAAACATATGCCTCACCCTAACATATTTTCCAATTAACCCTCAATATTTCTCTGTCACCCGGCCTCTATTTTCCATTTTCTTCTTTACCCGCCACGCGTTTTTTTCTTTCAAATTTTTTTCTTCTTTCTTCTTTTTCTTCCACGTCCTCTTGCATAAATAAATAAACCGTTTTGAAACCAAACTCGCCTCTCTCTCTCCTTTTTGAAATATTTTTGGGTTTGTTTGATCCTTTCCTTCCCAATCTCTCTTGTTTAATATATATTCATTTATATCACGCTCTCTTTTTATCTTCCTTTTTTTCCTCTCTCTTGTATTCTTCCTTCCCCTTTCTACTCAAACCAAGAAGAAAAAGAAAAGGTCAATCTTTGTTAAAGAATAGGATCTTCTACTACATCAGCTTTTAGATTTTTCACGCTTACTGCTTTTTTCTTCCCAAGATCGAAAATTTACTGAATTAAC,,,,,,,,,,,,,,,,
P40,Promoter,TTAGTCAAAAAATTAGCCTTTTAATTCTGCTGTAACCCGTACATGCCCAAAATAGGGGGCGGGTTACACAGAATATATAACATCGTAGGTGTCTGGGTGAACAGTTTATTCCTGGCATCCACTAAATATAATGGAGCCCGCTTTTTAAGCTGGCATCCAGAAAAAAAAAGAATCCCAGCACCAAAATATTGTTTTCTTCACCAACCATCAGTTCATAGGTCCATTCTCTTAGCGCAACTACAGAGAACAGGGGCACAAACAGGCAAAAAACGGGCACAACCTCAATGGAGTGATGCAACCTGCCTGGAGTAAATGATGACACAAGGCAATTGACCCACGCATGTATCTATCTCATTTTCTTACACCTTCTATTACCTTCTGCTCTCTCTGATTTGGAAAAAGCTGAAAAAAAAGGTTGAAACCAGTTCCCTGAAATTATTCCCCTACTTGACTAATAAGTATATAAAGACGGTAGGTATTGATTGTAATTCTGTAAATCTATTTCTTAAACTTCTTAAATTCTACTTTTATAGTTAGTCTTTTTTTTAGTTTTAAAACACCAAGAACTTAGTTTCGAATAAACACACATAAACAAACAA,,,,,,,,,,,,,,,,
P41,Promoter,CTACTTGGCTTCACATACGTTGCATACGTCGATATAGATAATAATGATAATGACAGCAGGATTATCGTAATACGTAATAGTTGAAAATCTCAAAAATGTGTGGGTCATTACGTAAATAATGATAGGAATGGGATTCTTCTATTTTTCCTTTTTCCATTCTAGCAGCCGTCGGGAAAACGTGGCATCCTCTCTTTCGGGCTCAATTGGAGTCACGCTGCCGTGAGCATCCTCTCTTTCCATATCTAACAACTGAGCACGTAACCAATGGAAAAGCATGAGCTTAGCGTTGCTCCAAAAAAGTATTGGATGGTTAATACCATTTGTCTGTTCTCTTCTGACTTTGACTCCTCAAAAAAAAAAAATCTACAATCAACAGATCGCTTCAATTACGCCCTCACAAAAACTTTTTTCCTTCTTCTTCGCCCACGTTAAATTTTATCCCTCATGTTGTCTAACGGATTTCTGCACTTGATTTATTATAAAAAGACAAAGACATAATACTTCTCTATCAATTTCAGTTATTGTTCTTCCTTGCGTTATTCTTCTGTTCTTCTTTTTCTTTTGTCATATATAACCATAACCAAGTAATACATATTCAA,,,,,,,,,,,,,,,,
P42,Promoter,GGGCCAGAAAAAGGAAGTGTTTCCCTCCTTCTTGAATTGATGTTACCCTCATAAAGCACGTGGCCTCTTATCGAGAAAGAAATTACCGTCGCTCGTGATTTGTTTGCAAAAAGAACAAAACTGAAAAAACCCAGACACGCTCGACTTCCTGTCTTCCTATTGATTGCAGCTTCCAATTTCGTCACACAACAAGGTCCTAGCGACGGCTCACAGGTTTTGTAACAAGCAATCGAAGGTTCTGGAATGGCGGGAAAGGGTTTAGTACCACATGCTATGATGCCCACTGTGATCTCCAGAGCAAAGTTCGTTCGATCGTACTGTTACTCTCTCTCTTTCAAACAGAATTGTCCGAATCGTGTGACAACAACAGCCTGTTCTCACACACTCTTTTCTTCTAACCAAGGGGGTGGTTTAGTTTAGTAGAACCTCGTGAAACTTACATTTACATATATATAAACTTGCATAAATTGGTCAATGCAAGAAATACATATTTGGTCTTTTCTAATTCGTAGTTTTTCAAGTTCTTAGATGCTTTCTTTTTCTCTTTTTTACAGATCATCAAGGAAGTAATTATCTACTTTTTACAACAAATATAAAAC,,,,,,,,,,,,,,,,
P43,Promoter,TTGGCTGATAATAGCGTATAAACAATGCATACTTTGTACGTTCAAAATACAATGCAGTAGATATATTTATGCATATTACATATAATACATATCACATAGGAAGCAACAGGCGCGTTGGACTTTTAATTTTCGAGGACCGCGAATCCTTACATCACACCCAATCCCCCACAAGTGATCCCCCACACACCATAGCTTCAAAATGTTTCTACTCCTTTTTTACTCTTCCAGATTTTCTCGGACTCCGCGCATCGCCGTACCACTTCAAAACACCCAAGCACAGCATACTAAATTTCCCCTCTTTCTTCCTCTAGGGTGTCGTTAATTACCCGTACTAAAGGTTTGGAAAAGAAAAAAGACACCGCCTCGTTTCTTTTTCTTCGTCGAAAAAGGCAATAAAAATTTTTATCACGTTTCTTTTTCTTGAAAATTTTTTTTTTTGATTTTTTTCTCTTTCGATGACCTCCCATTGATATTTAAGTTAATAAACGGTCTTCAATTTCTCAAGTTTCAGTTTCATTTTTCTTGTTCTATTACAACTTTTTTTACTTCTTGCTCATTAGAAAGAAAGCATAGCAATCTAATCTAAGTTTTAATTACAA,,,,,,,,,,,,,,,,
P44,Promoter,GTGTCGACGCTGCGGGTATAGAAAGGGTTCTTTACTCTATAGTACCTCCTCGCTCAGCATCTGCTTCTTCCCAAAGATGAACGCGGCGTTATGTCACTAACGACGTGCACCAACTTGCGGAAAGTGGAATCCCGTTCCAAAACTGGCATCCACTAATTGATACATCTACACACCGCACGCCTTTTTTCTGAAGCCCACTTTCGTGGACTTTGCCATATGCAAAATTCATGAAGTGTGATACCAAGTCAGCATACACCTCACTAGGGTAGTTTCTTTGGTTGTATTGATCATTTGGTTCATCGTGGTTCATTAATTTTTTTTCTCCATTGCTTTCTGGCTTTGATCTTACTATCATTTGGATTTTTGTCGAAGGTTGTAGAATTGTATGTGACAAGTGGCACCAAGCATATATAAAAAAAAAAAGCATTATCTTCCTACCAGAGTTGATTGTTAAAAACGTATTTATAGCAAACGCAATTGTAATTAATTCTTATTTTGTATCTTTTCTTCCCTTGTCTCAATCTTTTATTTTTATTTTATTTTTCTTTTCTTAGTTTCTTTCATAACACCAAGCAACTAATACTATAACATACAATAAT,,,,,,,,,,,,,,,,
T1,Terminator,CGAATTTCTTATGATTTATGATTTTTATTATTAAATAAGTTATAAAAAAAATAAGTGTATACAAATTTTAAAGTGACACTTAGGTTTTAAAACGAAAATTC,,,,,,,,,,,,,,,,
T2,Terminator,ATAAGAATATAAAGTAAACAATTACGTAACCTTAGAAAAAcAGATATAAAAAAGTTTTACACTGTTTTTACCACAGTCCATATAAACTTGTAATTATTACCCGAAT,,,,,,,,,,,,,,,,
T3,Terminator,TACACTAATTTTATGAAAGCTAACGGAAAAGAGATTAGTGCTTTTGGCTTATTACAAAGTTTGCGGCAATATTTTCCTTATCAGCATCATAAGCTGTCAGTATTTCATGTATTATTAGTA,,,,,,,,,,,,,,,,
T4,Terminator,CAGGCCCCTTTTCCTTTGTCGATATCATGTAATTAGTTATGTCACGCTTACATTCACGCCCTCCcCCCACATCCGCTCTAACCGAAAAGGAAGGAGTTAGACAACCTGAAGTCTAGGTCCCTATTTATTTTTTTATAGTTATGTTAGTATTAAGAACGTTATTTATATTTCAAATTTTTCTTTTTTTTCTGTACAAACGCgtgtacgcatgtaaca,,,,,,,,,,,,,,,,
T5,Terminator,AATAAAAAAGAATATATACTCCACATGACATACGAAATATACGTATTTATTGTTCTGTATGGAATAACAGCGATTACATAAAGATGACATGTTACTTCTTTATTCAAATTAATCTTGACGTGCAAGGGCCTGCTTGTTATTTCATCGGACAATCCCAACATCACTTTACACG,,,,,,,,,,,,,,,,
T6,Terminator,ACAAGATAATAAAAAAGATAATATTTTCGTTTAAAATTTCAGAAATATTGCTTACATCAAACGAAATAGTAAGCGTAAACCATATATCCTTTCAACGATATGTATCATTTTTATAGTCTTTTGGCGGTATAAAAAGAATAGCCAAAGGTGGAAGTCAGGTTAAACCAAAAGAAACTACCCGCAAGGGATGTATGCATTTGAACATAAAAAACT,,,,,,,,,,,,,,,,
T7,Terminator,TTTGATCTGTAGCCTAAGTATAAAATTCTACGTATGTATATATTTACATGCAATTTTTTCTTTTTCCAATTCATG,,,,,,,,,,,,,,,,
T8,Terminator,CACTTCTCGATTAACAAATTCCCAGTATTCTTTGAAATCTATTTTTCTTCCTCAATTGAATTTGAATAACTGTCTACGCGCACTCCTCCTATCTACAACTACAACAAATTTTAACCACTTTATTACCACTTTCCTCTTTCATTTATTTTTGTCTTTTATGTTGTCAATTTACTAGTATTTTTTTTTTTTTCATTTACGTTCAAGGTTTTTTATACTCATTTAACTTGTCTTAGGTTATTTATATATATACCTATATATTTATATATATATATATATATGTATGTATATATTATTATCACCAAATGAGAAATAATAGCTAATTTGATTTTTGATTATTTAAAATATTGGTTTGTTCTTTCTGCAAACATCTCGTTTGGTACGATATTAGTGAAAAACGATGTAATTATCAACACGTGCATTACCCA,,,,,,,,,,,,,,,,
T9,Terminator,CTGCAACTCCTCAATGTGTCAATTAACTCTTACTTAATTTATGTATATATTTTTTATGTATATGCTTATATGCATGCGCATATGCTCATAAAAGATACATTGTTATAGGTCATTTCTTTTCCAAGCTACATCTAGC,,,,,,,,,,,,,,,,
T10,Terminator,CAGATGACGGGAGACACTAGCACACAACTTTACCAGGCAAGGTATTTGACGCTAGCATGTGTCCAATTCAGTGTCATTTATGATTTTTTGTAGTAGGATATAAATATATACAGCGCTCCAAATAGTGCGGTTGCCCCAAAAACACCACGGAACCTCATCTGTTCTCGTACTTTGTTGTGACAAAGTAGCTCACTGCCTTATTATCACATTTTCATTATGCAACGCTTCGGAAAATACGATGTTGAAAAT,,,,,,,,,,,,,,,,
T11,Terminator,TAGGCTAATATGAATGTATTTGATCTCTATTTTATTAATACGAAACCCCTTAATAATTGATATTTTCGATACATATTTGGCAGTAGTTAGCTACGTAACAGAGTATTATTTTCATTTCAAGTTATGCATGAACTCTCTAATTTCACATACCATGCTACCACTACCCTTGGAGGTTTTGTTCATATCTTTTATAATAAAGCTAAAACCGAAAAGGTGAAGGGAAAAAAAACTATTAGAGCCTGTTTCTTGTATATAGTAaTATGTAATATTTGCTTCGTACGCTTAGT,,,,,,,,,,,,,,,,
T12,Terminator,CTGGTTGATGGAAAATATAATTTTATTGGGCAAACTTTTGTTTATCTGATGTGTTTTATACTATTATCTTTTTAATTAATGATTCTATATACAAACCTGTATATTTTTTCTTTAACCAATTTTTTTTTTTATAGACCTAGAGCTGTACT,,,,,,,,,,,,,,,,
T13,Terminator,AAGTTTTGTTAGAAAATAAATCATTTTTTAATTGAGCATTCTTATTCCTATTTTATTTAAATAGTTTTATGTATTGTTAGCTACATACAACAGTTTAAATCAAATTTTCTTTTTCCCAAGTCCAAAATGGAGGTTTATTTTGATGACCCGCATGCGATTATGTTTTGAAAGTATAAGACTACATACATGTACATATATTTAAACATGTAAACCCGTCCATTATATTGC,,,,,,,,,,,,,,,,
T14,Terminator,CGGATTGAGAGCAAATCGTTAAGTTCAGGTCAAGTAAAAATTGATTTCGAAAACTAATTTCTCTTATACAATCCTTTGATTGGACCGTCATCCTTTCGAATATAAGATTTTGTTAAGAATATTTTAGACAGAGATCTACTTTATATTTAATATCTAGATATTACATAATTTCCTCTCTAATAAAATATCATTAATAAAATAAAAATGAAGCGATTTGATTTTGTGTTGTCAACTTAGTTTGCCGCTATGCCTCTTGGGTAATGCTATTATTGAATCGAAGGGCTTTATTATATTACCCTTTAGCTTATTCTGAGGTTTCTGTGGCGTGCAAAGTGATGAACCGGGCGGGTTTTAAGGATAAAATCAAAAAGTGAAAAAATGAACGGAAAATGGAATACCTGTGAAATGGAGAATGATAATGAATCTTTCTGTCGTGCTTGAAAGATTTTCGGCT,,,,,,,,,,,,,,,,
T15,Terminator,TTATGCATGTATTGTACTTGTATTGCCGTATTATTTTTTACAGTTAAAAAATGTGTACATATAATTATATAGCGCCCATAATCAAATCAGCTCATACGTCAATTTAGTAATAAAAAAAAGCCCTTATAACCTTTTAGTTAAGAAGATTCAAGATTGCGATTTGATTAACGTCATTACGGAAATGTAAGGACACAATTACCAAGAGTTACAAAATCG,,,,,,,,,,,,,,,,
T16,Terminator,CAGTACTGACAATAAAAAGATTCTTGTTTTCAAGAACTTGTCATTTGTATAGTTTTTTTATATTGTAGTTGTTCTATTTTAATCAAATGTTAGCGTGATTTATATTTTTTTTCGCCTCGACATCATCTGCCCAGATGCGAAGTTAAGTGCGCAGAAAGTAATATCATGCGTCAATCGTATGTGAATGCTGGTCGCTATACTGCTGTCGATTCGATACTAACGCCGCCATCCAGTGTCGA,,,,,,,,,,,,,,,,
T17,Terminator,AGGGAACCTTTTACAACAAATATTTGAAAAATTACCTCCATTATTATACCTTCTCTTTATGTAATTGTTAGTTCGAAAATTTTTTCTTCATTAATATAATCAACTTCTAAAACTTTCTAAAAACGTTCTCTTTTTCGAGATTAGTGCTTCTTCCCAATCCGTAAGAAATGTTTCCTTTCTTGACAATTGGCACCAGCTGGCTACTCGTTGCTCGAAAACTACTCTCTTTTATTTTTAATTTACGAACGA,,,,,,,,,,,,,,,,
T18,Terminator,CGCTCAAACCAGGCTTTTCTTTTCCGTTTTTACGAGCTAGATAAGCGCATCCATATTTACTAATAGATATAATGAGATATCTGAGATACATGTGTATGTATATATGCACGTTTTCTTTTATTATCTAAAAATCATATTATATTAAGTAAGAGAAAAAAATGTACAACTATATAAATATATATTTATTTAAAATGGTTTTGAATTTTTCCTATTCTGGTTGATATTGCCCAAAAGCTATTCAGT,,,,,,,,,,,,,,,,
T19,Terminator,AGGACGGTTGCTGAAGAAAAAGGCTTTTTTTATTTTGTCCGTTTTTTTTTTGTAAAACCCAAAGATCTGAATCTAAAGCTTTTTTAAACGTATATAGATGTCTACATGTGTGTTTTTGTTTTTTTACGTACGTATACCCACCTATATATGCATAATCCGTAATTGAAAAAAAAAAAAGAAAAAGATCAAGGAACACA,,,,,,,,,,,,,,,,
T20,Terminator,ATTCTAAACGCATAGTTGTAAGGTTGATGTATATATATATATATATATGTATATATTAATTACAATAATATGCTCCCGCCCAAATTTTTCTCCTTCAATACCGCCGGAGGCGGTATTGAAGGAAATAGACGGAGAATTCCTTATCAAGAAAGCTTCCATCAAAGTGTACATAAGAAGTGCCGAAATTCGAAGTATTCTTTCAGAGAGTATTTTTGCAACATACCAATAAGCCAAATTACTC,,,,,,,,,,,,,,,,
T21,Terminator,GGAAAAAGGTCTTGGCTATATATAACGGCAGACAAAATATAAGTATACACGTATATATGGTGGTAAACACGCATATACTGTATGCCATGTATTTACCATTACATAGTTATTTACGCACTCTATAAAAAGTTAACATTGCATTTTAATAAATTCCTTAAATTACTCTAATTAGGATGGTAGCCCTACCTTT,,,,,,,,,,,,,,,,
T22,Terminator,TATACAGGAAACTTAATAGAACAAATCACATATTTAATCTAATAGCCACCTGCATTGGCACGGTGCAACACTACTTCAACTTCATCTTACAAAAaGATCACGTGATCTGTTGTATTG,,,,,,,,,,,,,,,,
T23,Terminator,CAGTCTTTTGTAACGACCCCGTCTCCACCAACTTGGTATGCTTGAAATCTCAAGGCCATTACACATTCAGTTATGTGAACGAAAGGTCTTTATTTAACGTAGCATAAACTAAATAATACAGGTTCCGGTTAGCCTGC,,,,,,,,,,,,,,,,
T24,Terminator,GCGGATCTCTTATGTCTTTACGATTTATAGTTTTCATTATCAAGtATGCCTATATTAGTATATAGCATCTTTAGATGACAGTGTTCGAAGTTTCACGAATAAAAGATAATATTCTACTTTTTGCTCCCACCGCGTTTGCTAGCACGAGTgAACACCATCCCTCGCCTGTGAGTTGTACCCATTCCTCTAAACTGTAGACATGGTAGCTTCAGCAGTGTTCGTTATGTACGGCATCCTCCAACAAACAGTCGGTTATAGTTTGTCCTGCTCCTCTGAATCGTCTC,,,,,,,,,,,,,,,,
T25,Terminator,AGCTTTTGATTAAGCCTTCTAGTCCAAAAAACACGTTTTTTTGTCATTTATTTCATTTTCTTAGAATAGTTTAGTTTATTCATTTTATAGTCACGAATGTTTTATGATTCTATATAGGGTTGCAAACAAGCATTTTTCATTTTATGTTAAAACAATTTCAGGTTTACCTTTTATTCTGCTTGTGGTGACGCGTGTATCCGCCCGCTCTTTTGGTCACCCATGTATTTAATTGCATAAATAATTCTTAAAAGTGGAGCTAGTCTATTTCTATTTACATACCTCTCATTTCTCATTT,,,,,,,,,,,,,,,,
T26,Terminator,GGAGATTGATAAGACTTTTCTAGTTGCATATCTTTTATATTTAAATCTTATCTATTAGTTAATTTTTTGTAATTTATCCTTATATATAGTCTGGTTATTCTAAAATATCATTTCAGTATCTAAAAATTCCCCTCTTTTTTCAGTTATATCTTAACAGGCGACAGTCCAAATGTTGATTTATCCCAGTCCGATTCATCAGGGTTGTGAAGCATTTTGTCAATGGTCGAAATCACATCAGTAATAGTGCCTCTTACTTGCCTCATAGAATTTCTTTCTCTTAACGTCACCGTTTGGTCTTTT,,,,,,,,,,,,,,,,
T27,Terminator,TCTAATCTCTAGTCATTATTTATTCGCAAATTCATTTCCCTATACGGCATTCATACATATCATTGTTCACTTCAGTCCTAGCATATATCATAAAATATACAATTGTTTTCTAATTACCTTACGTTTTTTAAAAGACTTCTATAATACCTCTTTTAACTTTACATGTAGTCAAAATAAAGTGCAGTTCCATCGATGGTACTTTCTCACCCCGGTTGAGTGATGTTAACGATGTTTACCGTATAAAACTTAATTATATTATATCTTTTTTTGCTTATATGTTATACATAGAATAAAAAGTTGATTAAACACACATTGGTCTGAAAACACGTGTAGTACTTTCTCCTTTGAAGAATAAAAAAAGAAAATAAAGATAATAAAAACGAAAATAGCGTACAATTAT,,,,,,,,,,,,,,,,
T28,Terminator,TTGGCATTCTTCAATTTGATAGACACTTATCCCTGCATATTTTTTTTATAAACAGCTTATAGACTTTCATGTAAATTTTTCCTAATTAATGTATTATTTACTTCGTTAATTTTCCGTTGAATTATTGACATGTTAAAGGTGCACTAAATATACCTAATACAAAAAATGGTTTTCTGTGGCAAATATATACAGTGGAAATTTCAGCATATAATCCCTGCTTTACTCTTTCCTTAAGATTTCGTCATAATTAGAACTTTTTTTGGTAAACTGCATTTTCTACCATTATTACTTTACATATGTATAGCTACAAAACTGTATTTTGAAGTGAAAAGTATGATGAATAAATGAAT,,,,,,,,,,,,,,,,
T29,Terminator,ACTAGTTTTCTTCTTTCCTCCTCTTCTTTGAACTGCTTCCAAATTCTGTCTTTAAGTCCATCACATGGTGTTTTATGGGATTTTGTATTATTACGGTGTTCGGTTTTCTTTTGGGTATTGAGCTTTTATTTTGGTCTTAATTTTTTTTTTTCTTTTTCAAACCATGGACTTTATTATAATTAATCTACGACAACTTTTAATGATTATTTCTTTCTTCAAATATAC,,,,,,,,,,,,,,,,
T30,Terminator,TATATAACTGTCTAGAAATAAAGAGTATCATCTTTCAAA,,,,,,,,,,,,,,,,
T31,Terminator,TATATATAAAATACAAATAAACATGCGGTCATTTCAAA,,,,,,,,,,,,,,,,
T32,Terminator,TATATACAGAAATGAAATAAAGCCTATCTGATTTCAAA,,,,,,,,,,,,,,,,
T33,Terminator,ACTTAGTTTATTATTATTTATACATTCTAAATTTTTTATAAACTTTTTTGGCATTTAACAAATATATAACAATTGGGATTTAGTAGAAATTCTTTTAATTTCTTCTTTTTTTTTTTAATCTATATTTATTCTTTTTCTTTAATTTTGTTCGAAACGCATATAATGTTTTTATTGATTTTGTTTCAGGTTCCTGAACCTCGCGGAGTTCCTATTTTACTGTTGTTTTTTTTCAAAACACAGGGGTACCTTGAAGTATACGCAGTGCCTCTTAGCCAAGGATAATATAAACACACTAGAACAAAAAAAAAATACTCCTTGTACAGAATCGTTTTCTATTTTGAATTTTTTTTATATAAACATGGTTTTATTGTCTATTACATAGCATCT,,,,,,,,,,,,,,,,
T34,Terminator,GCGAATTTCTTATGATTTATGATTTTTATTATTAAATAAGTTATAAAAAAAATAAGTGTATACAAATTTTAAAGTGACTCTTAGGTTTTAAAACGAAAATTCTTATTCTTGAGTAACTCTTTCCTGTAGGTCAGGTTGCTTTCTCAGGTATAGCATGAGGTCGCTCTTATTGACCACACCTCTACCGGCATGCCGAGCAAATGCCTGCAAATCGCTCCCCATTTCACCCAATTGTAGATATGCTAACTCCAGCAATGAGTTGATGAATCTCGGTGTGTATTTTATGTCCTCAGAGGACAA,,,,,,,,,,,,,,,,
T35,Terminator,GCAATCTTGATGAGGATAATGATTTTTTTTTGAATATACATAAATACTACCGTTTTTCTGCTAGATTTTGTGAAGACGTAAATAAGTACATATTACTTTTTAAGCCAAGACAAGATTAAGCATTAACTTTACCCTTTTCTCTTCTAAGTTTCAATACTAGTTATCACTGTTTAAAAGTTATGGCGAGAACGTCGGCGGTTAAAATATATTACCCTGAACGTGGTGAATTGAAGTTCTAGGATGGTTTAAAGATTTTTCCTTTTTGGGAAATAAGTAAACAATATATTGCTGCCTT,,,,,,,,,,,,,,,,
T36,Terminator,GTCTGAAGAATGAATGATTTGATGATTTCTTTTTCCCTCCATTTTTCTTACTGAATATATCAATGATATAGACTTGTATAGTTTATTATTTCAAATTAAGTAGCTATATATAGTCAAGATAACGTTTGTTTGACACGATTACATTATTCGTCGACATCTTTTTTCAGCCTGTCGTGGTAGCAATTTGAGGAGTATTATTAATTGAATAGGTTCATTTTGCGCTCGCATAAACAGTTTTCGTCAGGGACAGTATGTTGGAATGAGTGGTAATTAATGGTGACATGACATGTTATAGCAATA,,,,,,,,,,,,,,,,
T37,Terminator,GATTAATATAATTATATAAAAATATTATCTTCTTTTCTTTATATCTAGTGTTATGTAAAATAAATTGATGACTACGGAAAGCTTTTTTATATTGTTTCTTTTTCATTCTGAGCCACTTAAATTTCGTGAATGTTCTTGTAAGGGACGGTAGATTTACAAGTGATACAACAAAAAGCAAGGCGCTTTTTCTAATAAAAAGAAGAAAAGCATTTAACAATTGAACACCTCTATATCAACGAAGAATATTACTTTGTCTCTAAATCCTTGTAAAATGTGTACGATCTCTATATGGGTTACTCA,,,,,,,,,,,,,,,,
T38,Terminator,GCGATTTAATCTCTAATTATTAGTTAAAGTTTTATAAGCATTTTTATGTAACGAAAAATAAATTGGTTCATATTATTACTGCACTGTCACTTACCATGGAAAGACCAGACAAGAAGTTGCCGACAGTCTGTTGAATTGGCCTGGTTAGGCTTAAGTCTGGGTCCGCTTCTTTACAAATTTGGAGAATTTCTCTTAAACGATATGTATATTCTTTTCGTTGGAAAAGATGTCTTCCAAAAAAAAAACCGATGAATTAGTGGAACCAAGGAAAAAAAAAGAGGTATCCTTGATTAAGGAACA,,,,,,,,,,,,,,,,
T39,Terminator,GGAAGTATCTCGGAAATATTAATTTAGGCCATGTCCTTATGCACGTTTCTTTTGATACTTACGGGTACATGTACACAAGTATATCTATATATATAAATTAATGAAAATCCCCTATTTATATATATGACTTTAACGAGACAGAACAGTTTTTTATTTTTTATCCTATTTGATGAATGATACAGTTTCTTATTCACGTGTTATACCCACACCAAATCCAATAGCAATACCGGCCATCACAATCACTGTTTCGGCAGCCCCTAAGATCAGACAAAACATCCGGAACCACCTTAAATCAACGTC,,,,,,,,,,,,,,,,
ORF1_mRuby2,CDS,GTTTCCAAGGGTGAAGAATTGATCAAGGAAAACATGAGAATGAAGGTTGTCATGGAAGGTTCTGTCAACGGTCACCAATTCAAATGTACCGGTGAAGGTGAAGGTAACCCATACATGGGTACTCAAACCATGAGAATCAAGGTTATTGAAGGTGGTCCATTACCATTTGCTTTCGACATCTTGGCTACTTCTTTCATGTACGGTTCCAGAACTTTCATCAAATACCCAAAGGGTATTCCAGACTTCTTCAAGCAATCCTTCCCAGAAGGTTTCACCTGGGAAAGAGTTACCCGTTACGAGGATGGTGGTGTTGTCACCGTCATGCAAGATACCTCTTTGGAAGATGGTTGTTTGGTCTACCACGTTCAAGTCCGTGGTGTCAACTTCCCATCTAACGGTCCTGTTATGCAAAAGAAAACCAAGGGTTGGGAACCAAACACTGAAATGATGTACCCAGCTGACGGTGGTTTGAGAGGTTACACTCACATGGCTTTGAAGGTCGATGGTGGTGGTCACTTGTCTTGTTCTTTCGTCACCACTTACAGATCCAAAAAGACTGTTGGTAACATCAAGATGCCAGGTATTCATGCCGTTGACCACAGATTGGAAAGATTGGAAGAATCTGACAACGAAATGTTCGTTGTCCAAAGAGAACACGCTGTTGCCAAATTTGCTGGTTTGGGTGGTGGTATGGATGAATTATACAAG,,,,,,,,,,,mRuby2,,,,,
ORF2_mTagBFP2,CDS,TCCGAATTGATCAAGGAAAACATGCACATGAAATTGTACATGGAAGGTACTGTTGACAACCACCACTTCAAGTGTACCTCTGAAGGTGAAGGTAAGCCTTACGAAGGTACTCAAACCATGAGAATCAAGGTTGTTGAAGGTGGTCCATTACCATTTGCCTTCGATATCTTGGCTACCTCTTTCTTGTACGGTTCCAAGACTTTCATCAACCACACTCAAGGTATTCCAGACTTCTTCAAGCAATCTTTCCCAGAAGGTTTCACTTGGGAAAGGGTTACCACCTACGAAGATGGTGGTGTCTTGACTGCTACCCAAGACACTTCTCTACAAGATGGTTGTTTGATTTACAACGTCAAGATCAGAGGTGTCAACTTTACCTCTAACGGTCCAGTCATGCAAAAGAAAACTTTGGGTTGGGAAGCTTTCACCGAAACTTTATACCCAGCTGACGGTGGTTTGGAAGGTAGAAACGACATGGCTTTGAAATTGGTTGGTGGTTCTCATTTGATTGCCAATGCTAAGACCACTTACAGATCCAAGAAGCCAGCCAAGAACTTGAAGATGCCAGTCTACTACGTTGACTACAGATTGGAAAGAAAGGAAGCTAACAACGAAACCTACGTTGAACAACACGAAGTTGCTGTTGCTCGTTACTGTGATTTGCCATCCAAGTTGGGTCACAAATTAAAC,,,,,,,,,,,mTagBFP2,,,,,
ORF3_yEmCitrine,CDS,TCTAAAGGTGAAGAATTATTCACTGGTGTTGTCCCAATTTTGGTTGAATTAGATGGTGATGTTAATGGTCACAAATTTTCTGTCTCCGGTGAAGGTGAAGGTGATGCTACTTACGGTAAATTGACCTTAAAATTTATTTGTACTACTGGTAAATTGCCAGTTCCATGGCCAACCTTAGTCACTACTTTAGGTTATGGTTTGATGTGTTTTGCTAGATACCCAGATCATATGAAACAACATGACTTTTTCAAGTCTGCCATGCCAGAAGGTTATGTTCAAGAAAGAACTATTTTTTTCAAAGATGACGGTAACTACAAGACCAGAGCTGAAGTCAAGTTTGAAGGTGATACCTTAGTTAATAGAATCGAATTAAAAGGTATTGATTTTAAAGAAGATGGTAACATTTTAGGTCACAAATTGGAATACAACTATAACTCTCACAATGTTTACATCATGGCTGACAAACAAAAGAATGGTATCAAAGTTAACTTCAAAATTAGACACAACATTGAAGATGGTTCTGTTCAATTAGCTGACCATTATCAACAAAATACTCCAATTGGTGATGGTCCAGTCTTGTTACCAGACAACCATTACTTATCCTATCAATCTAGATTATCCAAAGATCCAAACGAAAAGAGGGATCACATGGTCTTGTTAGAATTTGTTACTGCTGCTGGTATTACCCATGGTATgGATGAATTGTACAAA,,,,,,,,,,,yEmCitrine,,,,,
ORF4_yEGFP,CDS,TCTAAAGGTGAAGAATTATTCACTGGTGTTGTCCCAATTTTGGTTGAATTAGATGGTGATGTTAATGGTCACAAATTTTCTGTCTCCGGTGAAGGTGAAGGTGATGCTACTTACGGTAAATTGACCTTAAAATTTATTTGTACTACTGGTAAATTGCCAGTTCCATGGCCAACCTTAGTCACTACTTTAACTTATGGTGTTCAATGTTTTTCTAGATACCCAGATCATATGAAACAACATGACTTTTTCAAGTCTGCCATGCCAGAAGGTTATGTTCAAGAAAGAACTATTTTTTTCAAAGATGACGGTAACTACAAGACCAGAGCTGAAGTCAAGTTTGAAGGTGATACCTTAGTTAATAGAATCGAATTAAAAGGTATTGATTTTAAAGAAGATGGTAACATTTTAGGTCACAAATTGGAATACAACTATAACTCTCACAATGTTTACATCATGGCTGACAAACAAAAGAATGGTATCAAAGTTAACTTCAAAATTAGACACAACATTGAAGATGGTTCTGTTCAATTAGCTGACCATTATCAACAAAATACTCCAATTGGTGATGGTCCAGTCTTGTTACCAGACAACCATTACTTATCCACTCAATCTGCCTTATCCAAAGATCCAAACGAAAAGAGGGATCACATGGTCTTGTTAGAATTTGTTACTGCTGCTGGTATTACCCATGGTATGGATGAATTGTACAAA,,,,,,,,,,,yEGFP,,,,,
ORF5_yESapphire,CDS,TCTAAAGGTGAAGAATTATTCACTGGTGTTGTCCCAATTTTGGTTGAATTAGATGGTGATGTTAATGGTCACAAATTTTCTGTCTCCGGTGAAGGTGAAGGTGATGCTACTTACGGTAAATTGACCTTAAAATTTATTTGTACTACTGGTAAATTGCCAGTTCCATGGCCAACCTTAGTCACTACTTTTTCTTATGGTGTTCAATGTTTTGCTAGATACCCAGATCATATGAAACAACATGACTTTTTCAAGTCTGCCATGCCAGAAGGTTATGTTCAAGAAAGAACTATTTTTTTCAAAGATGACGGTAACTACAAGACCAGAGCTGAAGTCAAGTTTGAAGGTGATACCTTAGTTAATAGAATCGAATTAAAAGGTATTGATTTTAAAGAAGATGGTAACATTTTAGGTCACAAATTGGAATACAACTTTAACTCTCACAATGTTTACATCATGGCTGACAAACAAAAGAATGGTATCAAAGTTAACTTCAAAATTAGACACAACATTGAAGATGGTTCTGTTCAATTAGCTGACCATTATCAACAAAATACTCCAATTGGTGATGGTCCAGTCTTGTTACCAGACAACCATTACTTATCCATTCAATCTGCCTTATCCAAAGATCCAAACGAAAAGAGGGATCACATGGTCTTGTTAGAATTTGTTACTGCTGCTGGTATTACCCATGGTATgGATGAATTGTACAAA,,,,,,,,,,,yESapphire,,,,,
ORF6_vGFP_DSM,CDS,tctaaaggtgaagaattattcactggtgttgtcccaattttggttgaattagatggtgatgttaatggtcacaaattttctgtctccggtgaaggtgaaggtgatgctacttacggtaaattgaccttaaaattgatttgtactactggtaaattgccagttccatggccaaccttagtcactactttaggttatggtttgcaatgttttgctagatacccagatcatatgaaacaacatgactttttcaagtctgccatgccagaaggttatgttcaagaaagaactatttttttcaaagatgacggtaactacaagaccagagctgaagtcaagtttgaaggtgataccttagttaatagaatcgaattaaaaggtattgattttaaagaagatggtaacattttaggtcacaaattggaatacaactataactctcacaatgtttacatcactgctgacaaacaaaagaatggtatcaaagctaacttcaaaattagacacaacattgaagatggtggtgttcaattagctgaccattatcaacaaaatactccaattggtgatggtccagtcttgttaccagacaaccattacttatcctatcaatctgccttatccaaagatccaaacgaaaagagagatcacatggtcttgttagaatttgttactgctgctggtattacccatggtatggatgaattgtacaaa,,,,,,,,,,,vGFP,,,,,
ORF7_RFP_DSM,CDS,gtaagtaagggtgaagaGgacaatatggcgatcattaaggaattcatgcgtttcaaagtacacatggagggaagcgtgaacggacatgaatttgaaatcgaaggggaaggcgaaggtagaccatacgaaggaacccagaccgcaaagcttaaagttaccaaaggcgggccactaccatttgcatgggatatcttgagccctcagtttatgtatggcagtaaggcctacgttaaacacccagctgatattcccgactatttgaaattgtcttttccagaaggattcaaatgggaaagagtaatgaatttcgaggacggcggagttgttactgttactcaagattcaagtttgcaagacggtgaatttatttacaaggtcaaattaagagggactaatttccctagtgatggtcccgtcatgcaaaagaaAactatgggttgggaagcctcatctgaacgtatgtatccagaagatggcgcgcttaagggggaaattaaacaaagattgaagttaaaagacggtggtcactacgacgcggaagttaagaccacttataaagctaaaaagcccgttcagttacctggtgcatataacgtaaacattaaattggatatcacttcacataatgaagattacactattgtggaacaatatgaaagagctgaaggtaggcactcaacgggtggaatggacgaattgtacaaa,,,,,,,,,,,RFP,,,,,
MAR1_KlURA3,CDS,TCCACAAAATCATATACCAGTAGAGCTGAGACACATGCAAGTCCGGTTGCATCGAAACTTTTACGTTTAATGGATGAAAAGAAAACCAATTTGTGTGCTTCTCTTGACGTTCGTTCGACTGATGAGCTATTGAAACTTGTTGAAACGTTGGGTCCATACATTTGCCTTTTGAAAACACACGTTGATATCTTGGATGATTTCAGTTATGAGGGTACTGTCGTTCCATTGAAAGCATTGGCAGAGAAATACAAGTTCTTGATATTTGAGGACAGAAAATTCGCCGATATCGGTAACACAGTCAAATTACAATATACATCGGGCGTTTACCGTATCGCAGAATGGTCTGATATCACCAACGCCCACGGGGTTACTGGTGCTGGTATTGTTGCTGGCTTGAAACAAGGTGCGCAAGAGGTCACCAAAGAACCAAGGGGATTATTGATGCTTGCTGAATTGTCATCCAAGGGTTCTCTAGCACACGGTGAATATACTAAGGGTACCGTTGATATTGCAAAGAGTGATAAAGATTTCGTTATTGGGTTCATTGCTCAGAACGATATGGGAGGAAGAGAAGAAGGGTTTGATTGGCTAATCATGACCCCAGGTGTAGGTTTAGACGACAAAGGCGATGCATTGGGTCAGCAGTACAGAACCGTCGACGAAGTTGTAAGTGGTGGATCAGATATCATCATTGTTGGCAGAGGACTTTTCGCCAAGGGTAGAGATCCTAAGGTTGAAGGTGAAAGATACAGAAATGCTGGATGGGAAGCGTACCAAAAGAGAATCAGCGCTCCCCAT,,,,,,,,,,,URA+,,,,,
MAR2_KlLEU2,CDS,TCTAAGAATATCGTTGTCCTACCGGGTGATCACGTCGGTAAAGAAGTTACTGACGAAGCTATTAAGGTCTTGAATGCCATTGCTGAAGTCCGTCCAGAAATTAAGTTCAATTTCCAACATCACTTGATCGGGGGTGCTGCCATCGATGCCACTGGCACTCCTTTACCAGATGAAGCTCTAGAAGCCTCTAAGAAAGCCGATGCTGTCTTACTAGGTGCTGTTGGTGGTCCAAAATGGGGTACGGGCGCAGTTAGACCAGAACAAGGTCTATTGAAGATCAGAAAGGAATTGGGTCTATACGCCAACTTGAGGCCATGTAACTTTGCTTCTGATTCTTTACTAGATCTTTCTCCTTTGAAGCCTGAATATGCAAAGGGTACCGATTTCGTCGTCGTTAGAGAATTGGTTGGTGGTATCTACTTTGGTGAAAGAAAAGAAGATGAAGGTGACGGAGTTGCTTGGGATTCTGAGAAATACAGTGTTCCTGAAGTTCAAAGAATTACAAGAATGGCTGCTTTCTTGGCATTGCAACAAAACCCACCATTACCAATCTGGTCACTTGACAAGGCTAACGTGCTTGCCTCTTCCAGATTGTGGAGAAAGACTGTTGAAGAAACCATCAAGACTGAGTTCCCACAATTAACTGTTCAGCACCAATTGATCGATTCTGCTGCTATGATTTTGGTTAAATCACCAACTAAGCTAAACGGTGTTGTTATTACCAACAACATGTTTGGTGATATTATCTCCGATGAAGCCTCTGTTATTCCAGGTTCTTTGGGTTTATTACCTTCTGCATCTCTAGCTTCCCTACCTGACACTAACAAGGCATTCGGTTTGTACGAACCATGTCATGGTTCTGCCCCAGATTTACCAGCAAACAAGGTTAACCCAATTGCTACCATCTTATCTGCAGCTATGATGTTGAAGTTATCCTTGGATTTGGTTGAAGAAGGTAGGGCTCTTGAAGAAGCTGTTAGAAATGTCTTGGATGCAGGTGTCAGAACCGGTGACCTTGGTGGTTCTAACTCTACCACTGAGGTTGGCGATGCTATCGCCAAGGCTGTCAAGGAAATCTTGGCT,,,,,,,,,,,LEU+,,,,,
MAR3_SpHIS5,CDS,GGTAGGAGGGCTTTTGTAGAAAGAAATACGAACGAAACGAAAATCAGCGTTGCCATCGCTTTGGACAAAGCTCCCTTACCTGAAGAATCGAATTTTATTGATGAACTTATAACTTCCAAGCATACAAACCAAAAGGGAGAACAAGTAATCCAAGTAGACACGGGAATTGGATTCTTGGATCACATGTATCATGCACTGGCTAAACATGCAGGCTGGAGCTTACGACTTTACTCAAGAGGTGATTTAATCATCGATGATCATCACACTGCAGAAGATACTGCTATTGCACTTGGTATTGCATTCAAGCAGGCTATGAGTAACTTTGCCGGCGTTAAAAGATTTGGACATGCTTATTGTCCACTTGACGAAGCTCTTTCTAGAAGCGTAGTTGACTTGTCGGGACGGCCCTATGCTGTTATCGATTTGGGATTAAAGCGTGAAAAGGTTGGGGAATTGTCCTGTGAAATGATCCCTCACTTACTATATTCCTTTTCGGTAGCAGCTGGAATTACTTTGCATGTTACCTGCTTATATGGTAGTAATGACCATCATCGTGCTGAAAGCGCTTTTAAATCTCTGGCTGTTGCCATGCGCGCGGCTACTAGTCTTACTGGAAGTTCTGAAGTCCCAAGCACGAAGGGAGTGTTG,,,,,,,,,,,HIS+,,,,,
MAR4_CaURA3,CDS,ACAGTCAACACTAAGACCTATAGTGAGAGAGCAGAAACTCATGCCTCACCAGTAGCACAACGATTATTTCGATTAATGGAACTGAAGAAAACCAATTTATGTGCATCAATTGATGTTGATACCACTAAGGAATTCCTTGAATTAATTGATAAATTGGGTCCTTATGTATGCTTAATCAAgacACATATTGATATAATCAATGATTTTTCCTATGAATCCACTATTGAACCATTATTAGAACTTTCACGTAAACATCAATTTATGATTTTTGAAGATAGAAAATTTGCTGATATTGGTAATACCGTGAAGAAACAATATATTGGTGGAGTTTATAAAATTAGTAGTTGGGCAGATATTACTAATGCTCATGGTGTCACTGGGAATGGAGTAGTTGAAGGATTAAAACAGGGAGCTAAAGAAACCACCACCAACCAAGAGCCAAGAGGGTTATTGATGTTAGCTGAATTATCATCAGTGGGATCATTAGCATATGGAGAATATTCTCAAAAAACTGTTGAAATTGCTAAATCCGATAAGGAATTTGTTATTGGATTTATTGCCCAACGTGATATGGGTGGACAAGAAGAAGGATTTGATTGGCTTATTATGACACCTGGAGTTGGATTAGATGATAAAGGTGATGGATTAGGACAACAATATAGAACTGTTGATGAAGTTGTTAGCACTGGAACTGATATTATCATTGTTGGTAGAGGATTGTTTGGTAAAGGAAGAGATCCAGATATTGAAGGTAAAAGGTATAGAGATGCTGGTTGGAATGCTTATTTGAAAAAGACTGGCCAATTA,,,,,,,,,,,URA+,,,,,
MAR5_PhleoR,CDS,gccgaccaagcgacgcccaacctgccatcacgagatttcgatCccacCgccgccttctatgaaaggttgggcttcggaatcgttttccgggacgccggctggatgatcctccagcgcggggatctcaTgctggagttcttcgcccaccccgggctcgatcccctcgcgagttggttcagctgctgcctgaggctggacgacctcgcggagttctaccggcagtgcaaatccgtcggcatccaggaaaccagcagcggctatccgcgcatccatgcccccgaactgcaggagtggggaggcacgatggccgctttggtcgacccggacgggacgctcctgcgcctgatacagaacgaattgcttgcaggcatctca,,,,,,,,,,,PhleoR,,,,,
MAR6_HygBR,CDS,ggtaaaaagcctgaactcaccgcgacgtctgtcgagaagtttctgatcgaaaagttcgacagcgtctccgacctgatgcagctctcggagggcgaagaatctcgtgctttcagcttcgatgtaggagggcgtggatatgtcctgcgggtaaatagctgcgccgatggtttctacaaagatcgttatgtttatcggcactttgcatcggccgcgctcccgattccggaagtgcttgacattggggaattcagcgagagcctgacctattgcatctcccgccgtgcacagggtgtcacgttgcaagacctgcctgaaaccgaactgcccgctgttctgcagccggtcgcggaggcaatggatgcgatcgctgcggccgatcttagccagacgagcgggttcggcccattcggaccgcaaggaatcggtcaatacactacatggcgtgatttcatatgcgcgattgctgatccccatgtgtatcactggcaaactgtgatggacgacaccgtcagtgcgtccgtcgcgcaggctctcgatgagctgatgctttgggccgaggactgccccgaagtccggcacctcgtgcacgcggatttcggctccaacaatgtcctgacggacaatggccgcataacagcggtcattgactggagcgaggcgatgttcggggattcccaatacgaggtcgccaacatcttcttctggaggccgtggttggcttgtatggagcagcagacgcgctacttcgagcggaggcatccggagcttgcaggatcgccgcggctccgggcgtatatgctccgcattggtcttgaccaactctatcagagcttggttgacggcaatttcgatgatgcagcttgggcgcagggtcgatgcgacgcaatcgtccgatccggagccgggactgtcgggcgtacacaaatcgcccgcagaagcgcggccgtctggaccgatggctgtgtagaagtactcgccgatagtggaaaccgacgccccagcactcgtccgagggcaaaggaa,,,,,,,,,,,HygR,,,,,
MAR7_ClonNAT,CDS,ggtaccactcttgacgacacggcttaccggtaccgcaccagtgtcccgggggacgccgaggccatcgaggcactggatgggtccttcaccaccgacaccgtattccgcgtcaccgccaccggggacggcttcaccctgcgggaggtgccggtggacccgcccctgaccaaggtgttccccgacgacgaatcggacgacgaatcggacgacggggaggacggcgacccggattcccggacgttcgtcgcgtacggggacgacggcgacctggcgggcttcgtggtcgtctcgtactccggctggaaccgccggctgaccgtcgaggacatcgaggtcgccccggagcaccgggggcacggggtcgggcgcgcgttgatggggctcgcgacggagttcgcccgcgagcggggcgccgggcacctctggctggaggtcaccaacgtcaacgcaccggcgatccacgcgtaccggcggatggggttcaccctctgcggcctggacaccgccctgtacgacggcaccgcctcggacggcgagcaggcgctctacatgagcatgccctgcccc,,,,,,,,,,,NATR,,,,,
MAR8_KanMX,CDS,ggtaaggaaaagacacacgtttcgaggccgcgattaaattccaacatggatgctgatttatatgggtataaatgggctcgcgataatgtcgggcaatcaggtgcgacaatctatcgattgtatgggaagcccgatgcgccagagttgtttctgaaacatggcaaaggtagcgttgccaatgatgttacagatgagatggtcagactaaactggctgacggaatttatgcctcttccgaccatcaagcattttatccgtactcctgatgatgcatggttactcaccactgcgatccccggcaaaacagcattccaggtattagaagaatatcctgattcaggtgaaaatattgttgatgcgctggcagtgttcctgcgccggttgcattcgattcctgtttgtaattgtccttttaacagcgatcgcgtatttcgtctcgctcaggcgcaatcacgaatgaataacggtttggttgatgcgagtgattttgatgacgagcgtaatggctggcctgttgaacaagtctggaaagaaatgcataagcttttgccattctcaccggattcagtcgtcactcatggtgatttctcacttgataaccttatttttgacgaggggaaattaataggttgtattgatgttggacgtgtcggaatcgcagaccgataccaggatcttgccatcctatggaactgcctcggtgagttttctccttcattacagaaacggctttttcaaaaatatggtattgataatcctgatatgaataaattgcagtttcatttgatgctcgatgagtttttc,,,,,,,,,,,G418R,,,,,
MAR9_patR,CDS,ggtagcccagaacgacgcccggtcgagatccgtcccgccaccgccgccgacatggcggcggtctgcgacatcgtcaatcactacatcgagacgagcacggtcaacttccgtacggagccgcagacaccgcaggagtggatcgacgacctggagcgcctccaggaccgctacccctggctcgtcgccgaggtggagggcgtcgtcgccggcatcgcctacgccggcccctggaaggcccgcaacgcctacgactggaccgtcgaatcgacggtgtacgtctcccaccggcaccagcggctcggactgggctccaccctctacacccacctgctgaagtccatggaggcccagggcttcaagagcgtggtcgccgtcatcggactgcccaacgacccgagcgtgcgcctgcacgaggcgctcggatacaccgcgcgcgggacgctgcgggcagccggctacaagcacgggggctggcacgacgtggggttctggcagcgcgacttcgagctgccggccccgccccgccccgtccggcccgtcacacagatc,,,,,,,,,,,BialaphosR,,,,,
MAR10_ScTRP1,CDS,tctgttattaatttcacaggtagttctggtccattggtgaaagtttgcggcttgcagagcacagaggccgcagaatgtgctctagattccgatgctgacttgctgggtattatatgtgtgcccaatagaaagagaacaattgacccggttattgcaaggaaaatttcaagtcttgtaaaagcatataaaaatagttcaggcactccgaaatacttggttggcgtgtttcgtaatcaacctaaggaggatgttttggctctggtcaatgattacggcattgatatcgtccaactgcatggagatgaatcgtggcaagaataccaagagttcctcggtttgccagttattaaaagactggtatttccaaaagactgcaacatactactcagtgcagcttcacagaaacctcattcgtttattcccttgtttgattcagaagcaggtgggacaggtgaacttttggattggaactcgatttctgactgggttggaaggcaagagagccccgaaagcttacattttatgttagctggtggactgacgccagaaaatgttggtgatgcgcttagattaaatggcgttattggtgttgatgtaagcggaggtgtggagacaaatggtgtaaaagaatctaacaaaatagcaaatttcgtcaaaaatgctaagaaa,,,,,,,,,,,TRP+,,,,,
ITE_01,CDS,ggtcacggtgacactgaatctccaaacccaaccaccaccactgaaggttctggtcaaaacgaacctgaaaagaagggtcgtgacattccattatggagaaagtgtgttatcactttcgttgtttcctggatgactttggttgtcactttctcctccacctgtttgttgccagctgctccagaaattgctaacgaattcgatatgaccgtcgaaaccattaacatttccaacgctggtgttttggttgccatgggttactcttctttgatctggggtccaatgaacaaattggttggtagaagaacctcttacaacttggccatctccatgttgtgtgcctgttctgctggtactgctgctgccatcaacgaagaaatgttcattgctttccgtgtcttgtctggcttgaccggtacttctttcatggtttccggtcaaaccgtcttggctgatatctttgaaccagtttacagaggtactgctgtcggtttcttcatggctggtactctatccggtccagccattggtccatgtgtcggtggtgtcattgtcactttcacctcctggagagttatcttctggttacaattgggtatgtctggtttaggtttggttttgtctctattattcttcccaaagatcgaaggtaactctgaaaaggtttctactgctttcaagccaaccactttggtcaccatcatctccaagttctctccaaccgatgtcttgaagcaatgggtttacccaaatgtctttttggctgatttgtgttgtggtttgttggccatcactcaatactccatcttgacttctgccagagctatcttcaactccagattccatttgaccaccgctttggtttccggtttattctacttggctccaggtgctggtttcttgattggttctttggttggtggtaaattgtctgacagaaccgtcagaagatacattgtcaagagaggtttcagattacctcaagacagattgcactctggtttgatcactttgtttgctgtcttgccagctggtactttgatctacggttggactttgcaagaggacaagggtgacatggttgttccaatcattgctgctttctttgctggttggggtttgatgggttctttcaactgtttgaacacctacgttgctggtttattccacactttgatctacttgttcccattgtgtacctgtccacaa,,,,,,,,,,,ITE_01,,,,,
CAD_02,CDS,accaagcaatctgctgactccaatgccaagtctggtgtcacttccgaaatctgtcactgggcttccaacttggctactgacgacattccatctgatgtcttggaaagagccaagtacttgattttggacggtattgcctgtgcttgggttggtgctcgtgttccatggtctgaaaagtacgttcaagctaccatgtccttcgaacctccaggtgcttgtcgtgtcatcggttacggtcaaaaattgggtccagttgctgctgccatgaccaactctgcctttattcaagccactgaattggatgactaccactctgaagctccattgcactctgcttccattgttctaccagctgttttcgctgcttctgaagtcttggctgaacaaggtaagaccatctctggtatcgatgttatcttagctgccattgtcggtttcgaatctggtccaagaatcggtaaggccatctacggttctgacttgttgaacaacggttggcattgtggtgccgtttacggtgctccagctggtgctttggctaccggtaagttgttgggtttgactccagactccatggaagatgctttgggtatcgcttgtacccaagcttgtggtttgatgtctgctcaatacggtggtatggttaagagagttcaacatggtttcgctgccagaaacggtctattaggtggtttgttggctcacggtggttacgaagctatgaagggtgtcttggaaagatcttacggtggtttcttgaagatgttcaccaagggtaacggtagagaacctccatacaaggaagaagaagttgttgccggtttaggttctttctggcacactttcaccatcagaatcaaattgtacgcttgttgtggtttagtccacggtccagttgaagccattgaaaacttacaaggtcgttacccagaattgttgaacagagctaacttgtccaacatcagacacgttcacgttcaattatccactgcttccaactctcactgtggttggattccagaagaaagaccaatctcctccattgctggtcaaatgtctgttgcttacattttggctgtccaattggttgaccaacaatgtttgttgtctcaattctccgaattcgatgacaacttggaaagaccagaagtctgggatttggctagaaaggtcacctcttctcaatctgaagaatttgaccaagatggtaactgtttgtctgctggtagagtcagaattgaattcaacgacggttcttccatcactgaatccgttgaaaagccattaggtgtcaaggaaccaatgccaaacgaaagaatcttgcacaaatacagaactttggctggttccgtcactgacgaatccagagtcaaggaaatcgaagatttggttttgggtttggacagattgaccgatatctctccattattggaattgttgaactgtccagtcaaatctccattgggtatcaag,,,,,,,,,,,CAD_02,,,,,
ACO_01,CDS,actgtttccaacttgaccagagactccaaggttaaccaaaacttgttggaagatcattctttcatcaactacaagcaaaatgtcgaaactttggatatcgtcagaaagagattgaacagaccattcacctacgctgaaaagattttgtacggtcacttggatgacccacacggtcaagatatccaaagaggtgtctcctacttgaaactaagaccagatcgtgttgcttgtcaagatgctactgctcaaatggctatcttacaattcatgtccgctggtttgcctcaagttgccaagccagtcaccgtccactgtgaccatttgatccaagctcaagtcggtggtgaaaaggacttgaagagagccattgacttgaacaaggaagtctacgacttcttggcttctgccactgctaaatacaacatgggtttctggaagccaggttccggtatcatccaccaaatcgttttggaaaactatgccttcccaggtgctttgatcatcggtactgactcccacactccaaatgccggtggtctaggtcaattggccatcggtgttggtggtgctgatgctgttgacgtcatggctggtagaccatgggaattgaaggctccaaagattttgggtgttaagttgaccggtaagatgaacggttggacttctccaaaggacatcatcttgaaattggctggtatcactactgttaagggtggtactggtaagattgtcgaatactttggtgacggtgtcgacactttctctgctaccggtatgggtaccatctgtaacatgggtgctgaaattggtgccaccacttctgttttcccattcaacaaatccatgattgaatacttggaagctaccggtagaggtaagattgctgatttcgctaagttataccacaaggacttgttgtctgccgacaaggacgctgaatacgatgaagttgtcgaaattgacttgaacactttggaaccatacatcaacggtccattcaccccagatttggctaccccagtttctaagatgaaggaagttgccgttgctaacaactggccattagatgttagagttggtttgattggttcttgtaccaactcctcttacgaagatatgtccagatctgcttccattgtcaaggatgctgctgctcacggtttgaaatctaagaccatcttcactgttaccccaggttctgaacaaatcagagccaccatcgaacgtgacggtcaattggaaactttcaaggaatttggtggtattgtcttggctaacgcttgtggtccatgtattggtcaatgggacagaagagatatcaagaagggtgacaagaacaccatcgtttcctcttacaacagaaacttcacttctagaaacgatggtaacccacaaacccacgcctttgttgcttctccagaattagtcactgctttcgctattgctggtgacttgagattcaacccattaaccgacaaattgaaggacaaggacggtaacgaatttatgttgaagcctcctcatggtgatggtttaccacaaagaggttacgatgctggtgaaaacacctaccaagctccaccagccgacagatccaccgtcgaagtcaaggtttctccaacttctgacagattacaattgttgaaacctttcaagccatgggatggtaaggacgctaaggacatgccaatcttaatcaaggctgttggtaagactaccaccgaccacatttccatggctggtccatggttgaaatacagaggtcacttggaaaacatctccaacaactacatgattggtgccattaatgccgaaaacaagaaggctaactgtgtcaagaacgtttacactggtgaatacaagggtgttccagacactgccagagactacagagatcaaggtatcaaatgggttgtcatcggtgacgaaaacttcggtgaaggttcttctcgtgaacacgctgctttggaaccaagattcttgggtggtttcgctattattaccaaatctttcgctcgtattcacgaaaccaacttgaagaagcaaggtctattgccattgaacttcaagaacccagccgactacgacaagatcaacccagatgacagaattgacatcttaggtttggctgaattggctccaggtaagccagtcaccatgagagttcacccaaagaacggtaagccatgggatgctgtcttgactcacactttcaacgatgaacaaatcgaatggttcaaatacggttctgctttgaacaagatcaaggctgatgaaaagaag,,,,,,,,,,,ACO_01,,,,,
PYC_01,CDS,tcctcttccaagatcttggctggtttgagagacaacttttctttgttgggtgaaaagaacaagattttggtcgccaacagaggtgaaatcccaatcagaattttcagatctgctcacgaattgtctatgagaactatcgccatctactctcacgaagatagattatccatgcacagattgaaggctgatgaagcctacgttatcggtgaagaaggtcaatacaccccagtcggtgcttacttggccatggacgaaatcatcgaaattgccaagaagcacaaggtcgatttcatccacccaggttacggtttcttgtctgaaaactctgaatttgctgacaaggttgttaaggctggtattacctggattggtccaccagctgaagtcattgaatctgttggtgacaaggtttctgccagacatttggctgctcgtgccaacgttccaactgtcccaggtactccaggtcctatcgaaaccgttcaagaagctctagatttcgtcaatgaatacggttacccagttatcatcaaggctgctttcggtggtggtggtcgtggtatgagagttgtcagagaaggtgacgatgtcgctgatgctttccaaagagccacttctgaagctagaactgctttcggtaacggtacttgtttcgtcgaaagattcttggacaagccaaagcacattgaagttcaattattagctgacaaccacggtaacgttgtccacttgttcgaaagagactgttccgtccaaagacgtcaccaaaaggttgtcgaagttgctccagctaagactttaccaagagaagttagagatgctatcttgaccgatgccgttaagttggctaaggtttgtggttacagaaacgctggtactgctgaattcttggttgacaaccaaaacagacattacttcattgaaatcaacccaagaattcaagtcgaacacaccatcactgaagaaatcactggtattgacattgtctccgctcaaatccaaatcgccgctggtgctactttgactcaattaggtctattacaagacaaaatcaccaccagaggtttctctatccaatgtcgtatcaccactgaagatccatccaagaacttccaaccagacactggtcgtttggaagtctacagatccgctggtggtaacggtgtcagattggacggtggtaacgcctacgctggtgctaccatctctccacactacgactccatgttggttaagtgttcctgttctggttctacctacgaaattgtcagaagaaagatgatcagagctttgattgaattcagaatcagaggtgtcaagaccaacatcccattcttgttgactttgttgaccaacccagttttcattgaaggtacctactggaccactttcatcgatgacactccacaattgttccaaatggtttcctctcaaaacagagctcaaaaattgttgcactacttggctgacttggccgtcaacggttcctctatcaagggtcaaatcggtttaccaaagttgaagtccaacccttccgttccacatttgcacgatgctcaaggtaatgtcatcaacgttaccaaatctgccccaccatccggttggagacaagtcttgttggaaaagggtccatccgaatttgccaagcaagtcagacaattcaacggtactttgttgatggacaccacctggagagatgctcaccaatctttgctagctaccagagtcagaactcacgatttggccaccattgctccaaccactgctcacgctttggctggtgcctttgctttggaatgttggggtggtgctactttcgatgtcgccatgagattcttgcatgaggacccatgggaaagattgagaaaattgagatctttggtcccaaacattccattccaaatgttgttgagaggtgctaacggtgttgcttactcctctttgccagacaacgccattgaccatttcgttaagcaagccaaggacaatggtgttgacattttcagagtctttgacgctttgaacgacttggaacaattgaaggttggtgttaatgctgtcaagaaggctggtggtgttgtcgaagctaccgtttgttactctggtgacatgttgcaaccaggtaagaaatacaacttggactactacttagaagttgtcgaaaagatcgttcaaatgggtactcacatcttgggtatcaaggacatggctggtaccatgaagccagctgctgccaaattgttgattggttctttacgtaccagatacccagacttgccaatccacgttcactctcatgactccgctggtactgctgttgcttccatgactgcttgtgctttggccggtgctgatgttgttgacgttgccattaactccatgtccggtttgacctctcaaccatctattaacgctttgttggcctccttggaaggtaacattgacactggtatcaacgtcgaacacgttagagaattggacgcttactgggctgaaatgagattattatactcttgtttcgaagctgacttgaagggtccagaccctgaagtttaccaacacgaaattccaggtggtcaattgaccaacttgttgttccaagctcaacaattaggtctaggtgaacaatgggctgaaaccaagagagcttacagagaagctaactacttgttgggtgacattgttaaggtcaccccaacttctaaggtcgttggtgatttggctcaattcatggtttctaacaaattgacttctgatgacatcagaagattagctaactctttggacttcccagactccgttatggacttcttcgaaggtttgatcggtcaaccatacggtggtttcccagaaccattgagatccgatgttttgagaaacaagcgtcgtaaattgacttgtagaccaggtttagaattggaaccattcgatttggaaaagatcagagaagatttgcaaaacagattcggtgatatcgatgaatgtgatgttgcctcctacaacatgtatcctcgtgtctacgaagatttccaaaagattagagaaacttacggtgacttgtctgtcttaccaaccaagaacttcttggctccagctgaaccagacgaagaaatcgaagtcaccattgaacaaggtaagactttgattatcaaattacaagctgttggtgatttgaacaagaaaaccggtcaaagagaagtctacttcgaattgaacggtgaattgagaaagatcagagttgctgacaaatctcaaaacattcaatctgttgccaagccaaaggctgatgtccacgacacccaccaaatcggtgctccaatggctggtgtcatcattgaagtcaaggttcacaagggttctttggtcaagaagggtgaatctatcgccgttttgtctgctatgaagatggaaatggttgtttcctctccagctgatggtcaagtcaaagatgtctttatccgtgacggtgaatccgtcgatgcttctgacttgttggttgttttggaagaagaaactctaccaccttctcaaaagaaa,,,,,,,,,,,PYC_01,,,,,
CSC_03,CDS,gctgacaccaaggccaagttgaccttgaacggtgacactgctgtcgaattggatgttttgaaaggtactttgggtcaagatgtcattgatatcagaactttgggttccaagggtgttttcaccttcgacccaggtttcacctctactgcttcttgtgaatccaagatcactttcatcgatggtgacgaaggtatcctattacacagaggtttcccaattgaccaattagctactgactccaactacttggaagtttgttacatcttgttgaatggtgaaaagccaactcaagaacaatacgacgaatttaaaaccaccgttaccagacacaccatgattcacgaacaaatcaccagattattccacgctttccgtcgtgactcccacccaatggctgtcatgtgtggtatcactggtgctttggctgctttctaccatgactctttggatgtcaacaacccaagacacagagaaattgccgctttcttgttgttgtccaagatgccaaccatggctgctatgtgttacaagtactccatcggtcaacctttcgtttacccaagaaacgatttgtcttacgccggtaacttcttgaacatgatgttctccactccatgtgaaccttacgaagttaacccaattttggaaagagccatggacagaatcttgatcttgcacgctgaccatgaacaaaacgcttctacttctactgttagaactgccggttcttctggtgctaacccatttgcttgtatcgctgctggtattgcttctttatggggtccagctcatggtggtgccaacgaagctgctttgaagatgttggaagaaatttcttctgtcaagcacattccagaatttgtcagaagagctaaggacaagaacgactctttcagattgatgggtttcggtcaccgtgtctacaagaactacgacccaagagctaccgtcatgagagaaacctgtcacgaagttttgaaggaattgggtaccaaggatgacttgttggaagttgccatggaattggaaaacattgctttgaacgacccatacttcatcgaaaagaaattgtacccaaacgtcgatttctactccggtatcatcttaaaggctatgggtattccatcttccatgttcaccgttatctttgctatggccagaactgttggttggatcgctcactggtccgaaatgcactctgatggtatgaagattgccagaccaagacaattatacactggttacgaaaagagagatttcaaatctgatatcaagaga,,,,,,,,,,,CSC_03,,,,,
ACDH_67,CDS,gaatctttggaattggaacaattagtcaagaaggttttgttggaaaaattggctgaacaaaaggaagttccaaccaagaccaccacccaaggtgccaagtccggtgttttcgacaccgtcgatgaagctgtccaagctgctgtcattgctcaaaactgttacaaggaaaaatctttggaagaaagaagaaacgttgtcaaggccatcagagaagctttgtacccagaaatcgaaaccattgccaccagagctgttgctgaaaccggtatgggtaatgtcactgacaagatcttgaagaacactttggccatcgaaaagaccccaggtgttgaagatttgtacactgaagttgccactggtgacaacggtatgactttgtacgaattgtctccatacggtgtcatcggtgctgttgccccatctaccaacccaactgaaactttgatctgtaactccattggtatgttggctgctggtaatgctgttttctactctcctcacccaggtgccaagaacatctctttatggttaatcgaaaaattgaacaccattgtccgtgactcttgtggtatcgacaacttgattgtcactgttgccaagccttccatccaagctgctcaagaaatgatgaaccatccaaaggtcccattgttggttatcactggtggtccaggtgttgtcttgcaagctatgcaatctggtaagaaggtcattggtgctggtgctggtaacccaccatctatcgtcgatgaaactgctaacattgaaaaggctgccgctgatatcgttgacggtgcttctttcgaccacaacatcctatgtattgctgaaaaatccgttgttgccgttgactccattgctgatttcttattattccaaatggaaaagaacggtgctttgcacgttaccaacccatctgatatccaaaaattggaaaaggttgctgtcactgacaagggtgtcaccaacaagaaattggttggtaagtctgctactgaaatcttgaaggaagctggtattgcttgtgacttcactccaagattaatcattgtcgaaactgaaaagtcccacccatttgccaccgttgaattgttgatgccaattgtcccagttgtcagagttccagacttcgatgaagctttggaagttgccatcgaattggaacaaggtttgcaccacactgctaccatgcactctcaaaacatctccagattgaacaaggctgctagagacatgcaaacttccatctttgtcaagaacggtccatctttcgctggtttaggtttcagaggtgaaggttccactactttcaccattgctaccccaactggtgaaggtaccaccaccgctagacatttcgctagaagaagaagatgtgttttgactgatggtttctccatacgt,,,,,,,,,,,ACDH_67,,,,,
nifH,CDS,,,,,,,,,,,,nifH,,,,,
nifD,CDS,,,,,,,,,,,,nifD,,,,,
nifK,CDS,,,,,,,,,,,,nifK,,,,,
nifU,CDS,,,,,,,,,,,,nifU,,,,,
nifS,CDS,,,,,,,,,,,,nifS,,,,,
nifM,CDS,,,,,,,,,,,,nifM,,,,,
nifE,CDS,,,,,,,,,,,,nifE,,,,,
nifN,CDS,,,,,,,,,,,,nifN,,,,,
nifB,CDS,,,,,,,,,,,,nifB,,,,,
Amp,CDS,,,,,,,,,,,,AmpR/CarbR,,,,,
Chl,CDS,,,,,,,,,,,,ChlR,,,,,
Kan,CDS,,,,,,,,,,,,KanR,,,,,
ccdb,CDS,,,,,,,,,,,,ccdb,,,,,
lacZ,CDS,,,,,,,,,,,,lacZ,,,,,
mRFP,CDS,,,,,,,,,,,,E. coli mRFP,,,,,
ORI1,Origin,,,,,,,,,,,,CEN6/ARSH4,,,,,
ORI2,Origin,,,,,,,,,,,,2,,,,,
ColE1,Origin,,,,,,,,,,,,ColE1,,,,,
Sod2,Protease,,,,,,,,,,,,sod2,,,,,
Su9,Protease,,,,,,,,,,,,su9,,,,,
INDH,Protease,,,,,,,,,,,,INDH,,,,,
A,Scar,GTGC,,,,,,,,,,,A Scar,,,,,
B,Scar,AATG,,,,,,,,,,,B Scar,,,,,
C,Scar,TAAA,,,,,,,,,,,C Scar,,,,,
D,Scar,CCTC,,,,,,,,,,,D Scar,,,,,
E,Scar,GCTT,,,,,,,,,,,E Scar,,,,,
F,Scar,CTGA,,,,,,,,,,,F Scar,,,,,
G,Scar,TACG,,,,,,,,,,,G Scar,,,,,
H,Scar,TTCC,,,,,,,,,,,H Scar,,,,,
I,Scar,AGGT,,,,,,,,,,,I Scar,,,,,
J,Scar,CACC,,,,,,,,,,,J Scar,,,,,
K,Scar,TGTC,,,,,,,,,,,K Scar,,,,,
L,Scar,CGCT,,,,,,,,,,,L Scar,,,,,
M,Scar,CCGT,,,,,,,,,,,M Scar,,,,,
N,Scar,GCGA,,,,,,,,,,,N Scar,,,,,
O,Scar,GGGC,,,,,,,,,,,O Scar,,,,,
P,Scar,AGTC,,,,,,,,,,,P Scar,,,,,
Q,Scar,ATTG,,,,,,,,,,,Q Scar,,,,,
R,Scar,AAAG,,,,,,,,,,,R Scar,,,,,
S,Scar,ACAA,,,,,,,,,,,S Scar,,,,,
T,Scar,ACTC,,,,,,,,,,,T Scar,,,,,
U,Scar,AGAC,,,,,,,,,,,U Scar,,,,,
V,Scar,CAGG,,,,,,,,,,,V Scar,,,,,
W,Scar,CCAC,,,,,,,,,,,W Scar,,,,,
X,Scar,CCCA,,,,,,,,,,,X Scar,,,,,
Y,Scar,CGAG,,,,,,,,,,,Y Scar,,,,,
Z,Scar,GTTA,,,,,,,,,,,Z Scar,,,,,
$,Scar,TAGA,,,,,,,,,,,$ Scar,,,,,
con5,Spacer,AAGCGACTTCCAATCGCTTTGCATATCCAGTACCACACCCACAGGCGTTT,,,,,,,,,,,con5,,,,,
conA,Spacer,TTGCCCATCGAACGTACAAGTACTCCTCTGTTCTCTCCTTCCTTTGCTTT,,,,,,,,,,,conA,,,,,
conB,Spacer,CGGATCGATGTACACAACCGACTGCACCCAAACGAACACAAATCTTAGCA,,,,,,,,,,,conB,,,,,
conC,Spacer,ACGCTTTCCGGCATCTTCCAGACCACAGTATATCCATCCGCCTCCTGTTG,,,,,,,,,,,conC,,,,,
conD,Spacer,AACGTTGTCCAGGTTTGTATCCACGTGTGTCCGTTCCGCCAATATTCCGC,,,,,,,,,,,conD,,,,,
conE,Spacer,AAATAACCACAAACATCCTTCCCATATGCTCGGTCGTGCTTGTTGTACCT,,,,,,,,,,,conE,,,,,
conF,Spacer,GAAACCTTCGAATCCAGCCAGCATGTCGACACCCACAAGATGTAGTGCAC,,,,,,,,,,,conF,,,,,
conG,Spacer,CAACACACAAGTTCCGCAACGATCGAAGCAGAGTCGAGTACATCCAGATG,,,,,,,,,,,conG,,,,,
conH,Spacer,AAAGCCAAAGTTCGCGTTCCGACCTTGCCTCCCAAATCCGAGTTGCGATT,,,,,,,,,,,conH,,,,,
conI,Spacer,ATATCCGATGCCGTACGAATCCCACTCGCGCACACATGCTTGCCTTTGTT,,,,,,,,,,,conI,,,,,
conJ,Spacer,ACAAGACAATTCGTACCAAGTACGTCGAGCGCTGCAATACACCATACGTA,,,,,,,,,,,conJ,,,,,
conK,Spacer,ATGCCTTGCGTGCATGCCATCTCGAACGATTGTGTTTCCAGCCAACTTGC,,,,,,,,,,,conK,,,,,
con3,Spacer,AGAAAGCCTGTATGCGAAGCCACAATCCTTTCCAACAGACCATACTAAGT,,,,,,,,,,,con3,,,,,
S1,Spacer,TATATATTTTGGGAAGAATAAA,,,,,,,,,,,S1,,,,,
S2,Spacer,TTTGTTGATTTCAAACTATATA,,,,,,,,,,,S2,,,,,
S3,Spacer,TATATAATTTGAAACGAATCAA,,,,,,,,,,,S3,,,,,
S4,Spacer,TTTTTTAGTTTCAAATTATATA,,,,,,,,,,,S4,,,,,
S5,Spacer,TATATATATTGGGAAAAACAAA,,,,,,,,,,,S5,,,,,
S6,Spacer,TTTGTTCGTCCCAAGCTATATA,,,,,,,,,,,S6,,,,,
S7,Spacer,TATATACTTTGAAAAAAACAAA,,,,,,,,,,,S7,,,,,
S8,Spacer,TTTTTTGTTTTCAACATATATA,,,,,,,,,,,S8,,,,,
S9,Spacer,TATATAGTTTGAAAATAACAAA,,,,,,,,,,,S9,,,,,
S10,Spacer,TTTGTTACTCCCAAAGTATATA,,,,,,,,,,,S10,,,,,
S11,Spacer,TATATAAATTGGGAAGAACAAA,,,,,,,,,,,S11,,,,,
S12,Spacer,TTTTTTCCTCCCAATGTATATA,,,,,,,,,,,S12,,,,,
S13,Spacer,TATATAACTTGGGATAAATAAA,,,,,,,,,,,S13,,,,,
S14,Spacer,TTGATTGCTCCCAAAGTATATA,,,,,,,,,,,S14,,,,,
S15,Spacer,TATATAGATTGGGACGAAAAAA,,,,,,,,,,,S15,,,,,
S16,Spacer,TTGATTATTCCCAACATATATA,,,,,,,,,,,S16,,,,,
S17,Spacer,TATATAATTTGAAATAAATAAA,,,,,,,,,,,S17,,,,,
S18,Spacer,TTTATTGATCCCAACGTATATA,,,,,,,,,,,S18,,,,,
S19,Spacer,TATATAAGTTGGGATTAATAAA,,,,,,,,,,,S19,,,,,
S20,Spacer,TTGATTACTCCCAAGATATATA,,,,,,,,,,,S20,,,,,
S21,Spacer,TATATAATTTGGGACTAACAAA,,,,,,,,,,,S21,,,,,
S22,Spacer,TTTTTTACTTTCAAAGTATATA,,,,,,,,,,,S22,,,,,
S23,Spacer,TATATAAATTGGGATAAAAAAA,,,,,,,,,,,S23,,,,,
S24,Spacer,TTTGTTCCTCCCAATGTATATA,,,,,,,,,,,S24,,,,,
S25,Spacer,TATATAAGTTGGGACGAATCAA,,,,,,,,,,,S25,,,,,
S26,Spacer,TTTTTTTATCCCAACATATATA,,,,,,,,,,,S26,,,,,
S27,Spacer,TATATATATTGAAAGGAACAAA,,,,,,,,,,,S27,,,,,
S28,Spacer,TTGATTATTTTCAACATATATA,,,,,,,,,,,S28,,,,,
S29,Spacer,TATATAGTTTGGGAAAAAAAAA,,,,,,,,,,,S29,,,,,
S30,Spacer,TTTATTCCTCCCAAATTATATA,,,,,,,,,,,S30,,,,,
S31,Spacer,TATATACGTTGGGATAAATAAA,,,,,,,,,,,S31,,,,,
S32,Spacer,TTTTTTGTTCCCAAAATATATA,,,,,,,,,,,S32,,,,,
S33,Spacer,TATATATTTTGAAAAGAATCAA,,,,,,,,,,,S33,,,,,
S34,Spacer,TTTGTTAATTTCAAGCTATATA,,,,,,,,,,,S34,,,,,
S35,Spacer,TATATATATTGGGAAGAAAAAA,,,,,,,,,,,S35,,,,,
S36,Spacer,TTGATTAGTCCCAACTTATATA,,,,,,,,,,,S36,,,,,
S37,Spacer,TATATAAATTGGGATCAATCAA,,,,,,,,,,,S37,,,,,
S38,Spacer,TTTTTTTGTTTCAACATATATA,,,,,,,,,,,S38,,,,,
S39,Spacer,TATATACTTTGGGACGAACAAA,,,,,,,,,,,S39,,,,,
S40,Spacer,TTTGTTAATCCCAAAGTATATA,,,,,,,,,,,S40,,,,,
S41,Spacer,TATATAAGTTGAAATAAATAAA,,,,,,,,,,,S41,,,,,
S42,Spacer,TTGATTACTCCCAATCTATATA,,,,,,,,,,,S42,,,,,
S43,Spacer,TATATATATTGAAACCAAAAAA,,,,,,,,,,,S43,,,,,
S44,Spacer,TTTATTGTTCCCAAAATATATA,,,,,,,,,,,S44,,,,,
S45,Spacer,TATATAGATTGGGAAAAATCAA,,,,,,,,,,,S45,,,,,
S46,Spacer,TTTGTTCGTCCCAATCTATATA,,,,,,,,,,,S46,,,,,
5INT,Spacer,GACATATTCTTACCAATCCTTTCATAAGCTAATTATGCCATCCATATAGCAAGAGAATCCGGTGGGGGCGCCATGCCTATCCGGCGGCAACATTATTACTCTGGTATACGGGCGTAACTCCATAATATGCCACCACTTACCTTTAACATGTTCATGGTAGGTACCCCACCCAGCCATAAGGAAATTTTCAAAGGCGTTGGATCAAAAAATAGGCCTTTATTTCATCGCGTGATTGAGGAGCATAACATGTTTAGTGAAGGTTTCTTTTGGAAAACTTCAGTCGCTCATTATTAGAACCAGGGAGGTCCAGGCTTTGCTGGTGGGAGAGAAAGCTTATGAAGCTGGGGTTGCAGATTTGTCGATTGGTCGCCAGTACACAGTTTTAAAAAGTCAGAGAATGTAGAGAAGTATGGATCTTTGAAACCCT,,,,,,,,,,,5 INT,,,,,
3INT,Spacer,ATTTTATTTTACTTTTTTTAGAATGACCTGTTCCCGACACTATGTAAGATCTAGCTTTTAACATATTATGGAAACCTGAAATGTAAAATCTGAATTTTTGTATATGTGTTTATATTTGGGTAGTTCTTTTGAGGAAAGCATGCATAGACTTGCTGTACGAACTTTATGTGACTTGTAGTGACGCTGTTTCATGAGACTTTAGCCCTTTGAACATATTATCATATCTCAGCTTGAAATACTATAGATTTACTTTTGCAGCCATTTCTTGGTGCTCCAAGGTTGTGCGTATCTATTACTTAATTTCTGTCCTTGCCAAGTTTTGCAGCAGGGCGGTCACAAGAC,,,,,,,,,,,3 INT,,,,,
